{"type":"FeatureCollection","features":[{"type":"Feature","properties":{"code":"01","name":"AMAZONAS","capital":"CHACHAPOYAS","source":"INEI"},"geometry":{"type":"Polygon","coordinates":[[[-77.81398936271887,-2.992779471195604],[-77.7876641128085,-3.0747753467048256],[-77.77254323748036,-3.4288094726789495],[-77.71513123751657,-3.514853596915941],[-77.71645961262101,-3.542305097502208],[-77.66667298766822,-3.571871972613394],[-77.64300961230373,-3.6193463470562506],[-77.61996673767476,-3.622408222061779],[-77.61562298701119,-3.7077187225409602],[-77.65191411284599,-3.780562346874774],[-77.56149361234031,-3.8761658471760825],[-77.53787736235034,-3.9618994723826972],[-77.54840536221764,-4.105404847055979],[-77.58555073787619,-4.251333972884481],[-77.56827536211824,-4.42091997287838],[-77.58908786231495,-4.480464848174165],[-77.65545698754988,-4.518544972872178],[-77.67257173719588,-4.630480348589174],[-77.7718788624195,-4.717558597850939],[-77.79468536283918,-4.760216848228936],[-77.79911348699778,-4.82459284828127],[-77.75844548756913,-4.950052723554279],[-77.82461961280484,-5.031778723309401],[-77.82176211233156,-5.085665723494287],[-77.77428673784266,-5.097177972885106],[-77.69528098762743,-5.164740348288376],[-77.73970786272764,-5.211856598303314],[-77.69629673770424,-5.258770973901278],[-77.68206648707866,-5.338395598877753],[-77.7027867375179,-5.38068772445888],[-77.69601548732481,-5.4116240988730056],[-77.74482773731017,-5.406899099513794],[-77.76845123763445,-5.4380487238694855],[-77.74883198760608,-5.459859349229532],[-77.77063748772986,-5.478153099286033],[-77.765761737714,-5.538982474461591],[-77.73638398733112,-5.609290099658324],[-77.77509086215355,-5.689679348922766],[-77.75935861240998,-5.729847974604297],[-77.76392911273831,-5.819708724478005],[-77.68152673736898,-5.849487099450016],[-77.65189061266159,-5.935331974391033],[-77.6698923627423,-5.979357223956697],[-77.59646561259791,-6.00528022420292],[-77.59636161229855,-6.033330849539027],[-77.56680323757934,-6.028121974449505],[-77.53380886268883,-6.0633713490084915],[-77.47413898702462,-5.999784099356646],[-77.43211573715149,-6.06191634935999],[-77.4193047372238,-6.032380848896992],[-77.39549761242483,-6.039376724556121],[-77.38050011239022,-6.079985973973464],[-77.35867936246257,-6.07282022447373],[-77.34642798726179,-6.114341099562068],[-77.22436636131846,-6.145546849707273],[-77.20205673632927,-6.179714848861124],[-77.21919073686297,-6.194313099369992],[-77.21162673608495,-6.215840349252687],[-77.13889886169306,-6.291730349675845],[-77.13230273648207,-6.32255072503591],[-77.1717324863651,-6.381169974914371],[-77.22145636112214,-6.3811327249952114],[-77.24365311130202,-6.338120475379583],[-77.2866599874684,-6.33102347545298],[-77.27315861128085,-6.406530850318461],[-77.32635661206797,-6.468027350681666],[-77.34484673718714,-6.547229100042898],[-77.380511737027,-6.569227975090939],[-77.39386986200446,-6.602688224881604],[-77.43788086271161,-6.602527350556727],[-77.38173298758727,-6.69758910015679],[-77.40555723727664,-6.7262142250064585],[-77.45646748778432,-6.680522350026365],[-77.54407423713627,-6.676996100189797],[-77.61233673745045,-6.612261225674956],[-77.64286998716017,-6.621859974957829],[-77.68836998728506,-6.67736997534405],[-77.73989261225421,-6.646917974884559],[-77.74810936255699,-6.74492497540723],[-77.73189786229648,-6.783467350737624],[-77.76474898777553,-6.799758475173462],[-77.70730873740825,-6.908847475030882],[-77.75893361259608,-6.964507850157133],[-77.779299861999,-6.941452724963256],[-77.80193198747122,-6.96614447508739],[-77.83343461281709,-6.956782725042672],[-77.84326211275624,-6.976978475576118],[-77.88034173718137,-6.962503850372343],[-77.92865023731855,-6.9867593501638225],[-78.00164948753377,-6.969479475097671],[-78.0136406124243,-6.9316838500296285],[-78.00079348762932,-6.867257725363686],[-78.03094136255379,-6.847746099902565],[-78.01369161207822,-6.8212528503387375],[-78.04466998752986,-6.69216184988943],[-78.10715461259525,-6.643430475036325],[-78.15218111246833,-6.499826350305796],[-78.1738398621199,-6.493705475427305],[-78.19002948727098,-6.457016100112867],[-78.20998586255746,-6.458030225114726],[-78.24345173760759,-6.401710475158268],[-78.27709023752442,-6.399103850462268],[-78.33264261216681,-6.3523047256824725],[-78.37008911322198,-6.2390839741460695],[-78.41541723851469,-6.212606474409199],[-78.51022911328289,-6.077044099105819],[-78.60046198823011,-6.065620224293866],[-78.61121011335598,-6.016609974170933],[-78.69593361374524,-5.8885273493576165],[-78.71228973848059,-5.828724973878423],[-78.69175511350767,-5.750741849057022],[-78.65142111329368,-5.726099599416955],[-78.68524498866526,-5.6966655991380435],[-78.62477098869016,-5.6393647239028155],[-78.58299048832032,-5.55073859930684],[-78.55023461363646,-5.533094724541854],[-78.55761273803739,-5.4952314740532415],[-78.45382393762458,-5.426100962489386],[-78.44834998736201,-5.3978520015685945],[-78.5037021207562,-5.411974740042183],[-78.58147332483401,-5.307733527580183],[-78.63844186370102,-5.30533097434494],[-78.65442586336286,-5.2743007241990085],[-78.68520636368271,-5.265599474036435],[-78.71086036321515,-5.155668223109956],[-78.69550173052039,-5.093470042008789],[-78.64052823868724,-5.034244473703438],[-78.65143436300542,-4.978569097885497],[-78.67832773803462,-4.968381598431961],[-78.64510461338716,-4.907473598227909],[-78.64193748802461,-4.802351597847917],[-78.62069873885565,-4.767931972882195],[-78.64502686339898,-4.734833473585866],[-78.63787248852447,-4.656415223483748],[-78.70599823882765,-4.62292822335877],[-78.65581886374952,-4.5848825984531345],[-78.66112336375221,-4.530080973358167],[-78.62322811358655,-4.4417393483921614],[-78.6003616130979,-4.427531847916384],[-78.60274548831359,-4.411041348279525],[-78.63409373873503,-4.415164098644198],[-78.65261586353125,-4.334840222897924],[-78.59854398881401,-4.257924098718149],[-78.6089547386702,-4.2260942235695325],[-78.57728123853826,-4.1955489733064155],[-78.58115436318326,-4.134865222651854],[-78.53722536355963,-4.061587972207121],[-78.56768861363855,-4.045099972685534],[-78.56571286335793,-3.9919628470077555],[-78.52450486330878,-3.9372639721545397],[-78.48882611373415,-3.933821222571339],[-78.46587298874738,-3.827533222380282],[-78.43600023802054,-3.81911834693409],[-78.40936686329007,-3.7823910975710646],[-78.40247648799948,-3.735387597359704],[-78.42179848870927,-3.724064347691467],[-78.4234366137087,-3.6932023472105016],[-78.39321748819651,-3.677179972577619],[-78.39977661349985,-3.6062037221240075],[-78.35537573780005,-3.4943539726576773],[-78.3463703621025,-3.3824052222231558],[-78.24621098714732,-3.4023262226770044],[-78.21729236225269,-3.508856597354054],[-78.14839411229843,-3.4803748469216202],[-78.15491348756734,-3.4115617222955734],[-78.17774273723751,-3.4100910969265215],[-78.19573986210492,-3.3607587222372217],[-78.13679798763695,-3.326541597616597],[-78.09071173745667,-3.234310597256183],[-78.01269398783722,-3.178848472279128],[-77.94075473704146,-3.0654735967290776],[-77.81398936271887,-2.992779471195604]]]}},{"type":"Feature","properties":{"code":"02","name":"ANCASH","capital":"HUARAZ","source":"INEI"},"geometry":{"type":"Polygon","coordinates":[[[-77.64696998737497,-8.050859976706533],[-77.61882998741396,-8.079829976272322],[-77.63666336282392,-8.108586100867797],[-77.55699998785911,-8.194249976455183],[-77.57497998783612,-8.230939975899105],[-77.53116998740495,-8.243339976658547],[-77.52768998700327,-8.267079976060018],[-77.4913684874657,-8.282553101444421],[-77.43835548711598,-8.422328100861137],[-77.40546061231737,-8.44148335107576],[-77.39953436242087,-8.48340672763834],[-77.33494273731742,-8.532973227332548],[-77.31199511258433,-8.531147227662359],[-77.28871686199352,-8.589769352673443],[-77.29364261251652,-8.637025351938405],[-77.26059573610428,-8.648521477384236],[-77.24816798676312,-8.727308602410005],[-77.17426361117668,-8.834494102620681],[-77.1648359866914,-8.889097602572235],[-77.10572848678021,-8.949191352099149],[-77.11003711172327,-8.969966852388268],[-77.0357089863806,-8.999958977324923],[-76.98017311159975,-9.062987852307515],[-76.78996048598759,-9.135892727667226],[-76.736939111151,-9.204091102722145],[-76.72596973661399,-9.256153727412539],[-76.76561923673836,-9.367268102141168],[-76.81548236162166,-9.326461977638132],[-76.84670698673801,-9.26421285264098],[-76.93523623636315,-9.39854885214777],[-76.9303047364744,-9.43318560223372],[-76.9532948613687,-9.467478477649593],[-76.93755073607758,-9.525367228015114],[-76.95511136150009,-9.560298853209474],[-76.98024411127665,-9.564031228558292],[-76.9951601111502,-9.603331977888445],[-77.04715036110025,-9.632531228133644],[-77.02061136122529,-9.71131447798075],[-76.97427736131112,-9.760236353524874],[-76.9810429862448,-9.724568353546658],[-76.94136523661632,-9.705912102961122],[-76.81375786123624,-9.960146478477157],[-76.82502736112377,-10.009232478496017],[-76.80718948640566,-10.084478477999312],[-76.91569723643829,-10.120427728356958],[-76.90624611176861,-10.27418560368261],[-76.96545148669674,-10.305378603239888],[-77.00362523621561,-10.282123103698211],[-77.02471148644588,-10.327526602970295],[-77.07161148638096,-10.338103853310145],[-77.17462473664222,-10.4646016028816],[-77.16730998656658,-10.508139978377244],[-77.1909899867984,-10.552129978115943],[-77.25223998658606,-10.545269978326814],[-77.31062998758381,-10.567689978010037],[-77.3953099877657,-10.661539979286545],[-77.39525161277169,-10.717806604491159],[-77.4914754870041,-10.74603797916933],[-77.52394711206955,-10.734982104240657],[-77.59119183253699,-10.786449562996893],[-77.56314383142262,-10.709428115614969],[-77.59058111462667,-10.645564024959754],[-77.57425136251032,-10.588413353593353],[-77.60494036220791,-10.590129353586747],[-77.61950846384451,-10.614245597855984],[-77.64533670972133,-10.582856219638757],[-77.60132286445861,-10.509303710997415],[-77.6247419030164,-10.502034568240674],[-77.73421546377261,-10.5680658226795],[-77.74669361831582,-10.553113146654368],[-77.68673611248158,-10.434020728673659],[-77.59775773782928,-10.38104922843911],[-77.61942723707728,-10.327825353257424],[-77.65125361206452,-10.344611228025713],[-77.69239061243678,-10.320902478266703],[-77.75250745475518,-10.3218954530127],[-77.74987161198527,-10.4067961036572],[-77.7988408620161,-10.477335352844193],[-77.7706698624242,-10.51567185357311],[-77.77137648763477,-10.571614603231296],[-77.79968336219736,-10.585323228184393],[-77.8396884362723,-10.56791882399449],[-77.85431867836428,-10.576027410136817],[-77.86861376201546,-10.596501453179485],[-77.88026173529079,-10.607894715068994],[-77.88275263522587,-10.608666828011678],[-77.88558471456287,-10.611739322211918],[-77.88627506744035,-10.611955840289738],[-77.90816011259909,-10.54428710296736],[-77.96560736238985,-10.49297072851624],[-77.98040623725802,-10.43937497827261],[-78.014415987208,-10.411244103732372],[-78.0007069872376,-10.397468728399076],[-78.01060348766077,-10.374699102881266],[-78.05522661281788,-10.34536522862237],[-78.10158386200561,-10.201105478335137],[-78.18501761227293,-10.109388728307124],[-78.16574223781396,-10.091949228074384],[-78.17576761198569,-10.043955103045505],[-78.20807611262245,-9.966769478128867],[-78.23437085573039,-9.951260820530422],[-78.22450973733447,-9.907222603640207],[-78.24378511269276,-9.868488228448939],[-78.22512886210728,-9.798361353493647],[-78.29589448774038,-9.726290977946235],[-78.34336911219475,-9.63291010351844],[-78.36686723803257,-9.629685603207975],[-78.36638473826503,-9.558914103203279],[-78.40471498870573,-9.47508597773566],[-78.38011136314884,-9.445490227192181],[-78.41775786353452,-9.42615435264122],[-78.43372848847895,-9.390374977023498],[-78.40949986312813,-9.363119102364635],[-78.46085548848998,-9.31618560268339],[-78.481330113394,-9.333337852260001],[-78.49886511353412,-9.286921852161697],[-78.52552348851816,-9.27456447746863],[-78.49179998827879,-9.25086997746746],[-78.49774998837125,-9.188139976878404],[-78.56218548846948,-9.1817422277216],[-78.55387886351872,-9.2351231020495],[-78.61002536357961,-9.176441351986739],[-78.60993361384516,-9.160109352464588],[-78.56777348805599,-9.167835977648224],[-78.56163705850344,-9.119073703888262],[-78.58875338446109,-9.079593821297749],[-78.62991211335333,-9.0735703519901],[-78.63864894968924,-9.047483995290122],[-78.62238852541009,-9.017048614302041],[-78.65848048828389,-8.986304727181391],[-78.58994361380667,-8.94262235223971],[-78.57648473867971,-8.889046602018993],[-78.58828111358247,-8.858677477683386],[-78.55160623803744,-8.775037601903762],[-78.43841436373185,-8.732746602273835],[-78.35480998779065,-8.673279976989306],[-78.24612998700928,-8.658359976931365],[-78.20500998742096,-8.630589976945828],[-78.1935299877187,-8.600109976993792],[-78.21688998758282,-8.557259977665808],[-78.15738998755785,-8.478849977044774],[-78.13749998763427,-8.36866997633831],[-78.10838998700825,-8.338109976294334],[-78.11942998710418,-8.313649976065506],[-78.01862998728404,-8.224319976385743],[-77.93320998715114,-8.19700995894243],[-77.89562561283174,-8.061949101369862],[-77.78578486248136,-8.07919885094617],[-77.64696998737497,-8.050859976706533]]]}},{"type":"Feature","properties":{"code":"03","name":"APURIMAC","capital":"ABANCAY","source":"INEI"},"geometry":{"type":"Polygon","coordinates":[[[-73.7465499829953,-13.1744199809973],[-73.72895998301675,-13.187869981614313],[-73.72763998329856,-13.268309981420487],[-73.69809998352736,-13.265499981339019],[-73.57362998303722,-13.338899981149154],[-73.57130535875524,-13.3627799816108],[-73.50710998303924,-13.384119980952335],[-73.48090998350887,-13.431369981739238],[-73.34716335830228,-13.434832231322389],[-73.33179310816536,-13.45637798115888],[-73.31167073331767,-13.446597106571176],[-73.23390323354732,-13.476586981404012],[-73.20482110830744,-13.41171985618638],[-73.17557298350636,-13.451510731534995],[-73.14365860805827,-13.419063606700036],[-73.0972883582711,-13.44887610644713],[-73.06044423301489,-13.43802035585469],[-73.04405160839497,-13.411962481583203],[-73.00722498304651,-13.423053106315763],[-72.97706473255136,-13.388173231709231],[-72.91098460715386,-13.384450855922239],[-72.88407298218232,-13.41697898089518],[-72.79748823229602,-13.422158106411416],[-72.79274573212979,-13.456507730847079],[-72.77094898240955,-13.449293730920886],[-72.74846635753636,-13.481120355919643],[-72.67206748202864,-13.522099606211839],[-72.65586873235605,-13.51349698110073],[-72.59339035757893,-13.562169105919452],[-72.56048048208856,-13.551805356431998],[-72.42139785722532,-13.60607973149439],[-72.40303998280893,-13.658639981649799],[-72.31233998200452,-13.708489980927823],[-72.27741785724828,-13.684148481667023],[-72.24476248270236,-13.687431856095259],[-72.23187510784993,-13.721723231441956],[-72.16590973234821,-13.747636481238544],[-72.13173485697803,-13.786946480995255],[-72.05554623217284,-13.930678732137721],[-72.05668998275644,-14.12933998205449],[-72.09518998203203,-14.173399982323303],[-72.0764804565078,-14.207429842912859],[-72.16116773220506,-14.263794732540816],[-72.18710685729559,-14.313223607183659],[-72.23951560765914,-14.348472357613161],[-72.24950523198083,-14.40292623196001],[-72.29480223263687,-14.410792357281423],[-72.31719923215877,-14.44068948233371],[-72.3576253571245,-14.435963857046318],[-72.39494723282849,-14.483011607499634],[-72.44131210736782,-14.482365732392566],[-72.5030101071307,-14.551844982160162],[-72.4616994827449,-14.605869607396414],[-72.47040535722141,-14.659850482413788],[-72.56077573221421,-14.678380982596252],[-72.59192660752689,-14.713619232541475],[-72.61101535737282,-14.676129357184038],[-72.64482110780784,-14.667281107437134],[-72.69064335750488,-14.68865585748182],[-72.72441860743277,-14.676703482579626],[-72.72543335746343,-14.643874107204226],[-72.77040860767107,-14.664712857712175],[-72.78969573267187,-14.650213232254828],[-72.84635923229268,-14.759940106850422],[-72.86687923249053,-14.70831260744086],[-72.91780773204118,-14.685262107460233],[-72.93572510772748,-14.695265732427572],[-72.97455773205365,-14.651816857461938],[-72.99780848317494,-14.662773607316069],[-73.01466610855402,-14.630905857219489],[-73.04264798341768,-14.623083857134247],[-73.04331260849006,-14.657244232735081],[-73.09805698364283,-14.650765857558213],[-73.10985648368973,-14.692304857583053],[-73.1532373582175,-14.674345107640534],[-73.19041160840897,-14.705774732317991],[-73.2636211084274,-14.709789107181507],[-73.28423860862483,-14.73410110688053],[-73.36436810850137,-14.68164923222622],[-73.46448435826647,-14.839828107281278],[-73.51343998356833,-14.826189981982054],[-73.56342998300727,-14.779389982161888],[-73.57713998302376,-14.714429982157924],[-73.57109898323148,-14.687271607498644],[-73.5230817330355,-14.673049357242007],[-73.51006098332766,-14.65010073246276],[-73.53358985878492,-14.584078232024751],[-73.50701173300502,-14.544308607656092],[-73.58182598328244,-14.416420481919658],[-73.55385673310172,-14.401220482439271],[-73.51224998354985,-14.268159982397208],[-73.61106998379267,-14.089939982644012],[-73.65596998322809,-13.930849981941094],[-73.68003998345841,-13.915319982531116],[-73.69777935813084,-13.847415982561472],[-73.74243998321862,-13.791759981737698],[-73.7399873584298,-13.756233606095975],[-73.66966785858477,-13.73425985630729],[-73.71514260844458,-13.704534481081396],[-73.74361973366376,-13.65556248092372],[-73.79624560824817,-13.634286605942066],[-73.81081248320947,-13.521797106651093],[-73.83895385823394,-13.456376106072412],[-73.82738998326107,-13.433739981315057],[-73.84740173340322,-13.401475355902903],[-73.83209835865227,-13.330156980859954],[-73.80585235879926,-13.312997230937412],[-73.8240229835738,-13.248392606133848],[-73.79333998325359,-13.193909981360491],[-73.7465499829953,-13.1744199809973]]]}},{"type":"Feature","properties":{"code":"04","name":"AREQUIPA","capital":"AREQUIPA","source":"INEI"},"geometry":{"type":"Polygon","coordinates":[[[-71.98109435741861,-14.640622107424292],[-71.92927535727188,-14.689303357663789],[-71.95896998197907,-14.732589982341779],[-71.92399998271299,-14.789799981983549],[-71.87610623101773,-14.801252357210444],[-71.85960385673258,-14.883615482568416],[-71.82726285639569,-14.888825357704036],[-71.82630160613417,-14.906635232929602],[-71.7930078568271,-14.896167983165867],[-71.745959981368,-14.93986998311317],[-71.7659988568617,-15.009585357977869],[-71.84931948140888,-15.04508973350437],[-71.83658598145786,-15.075693107850611],[-71.67370610635169,-15.08905510800679],[-71.6145629815963,-15.145854983520621],[-71.58833310658758,-15.127825733071063],[-71.57234373167785,-15.061931608157124],[-71.51344298140845,-15.079844483635952],[-71.48587035653168,-15.059104858202602],[-71.50522610609988,-14.975560233218118],[-71.4475019811315,-14.979785857930949],[-71.41736585674886,-15.033725732856226],[-71.32167810615965,-15.11905860846798],[-71.26058848157311,-15.078270232984835],[-71.26554110653677,-15.062999732951255],[-71.22592160599726,-15.069413233733712],[-71.21539310610694,-15.048888233305263],[-71.19535823169701,-15.09018998318112],[-71.14357760652126,-15.12056060848522],[-71.18490610673138,-15.169772107996323],[-71.16032860648,-15.207768233317267],[-71.20207973139446,-15.245132483277416],[-71.164237980998,-15.290927858533792],[-71.15052798098151,-15.355904608410924],[-71.17433160651836,-15.424456608585558],[-71.15025598102864,-15.440592733068115],[-71.1200943563694,-15.42710298331599],[-71.085426356641,-15.458013483335549],[-71.03897098152555,-15.40516573341182],[-70.99395748135265,-15.454841608653282],[-71.01836398181229,-15.500021983427757],[-71.00705560603137,-15.564133607979556],[-70.9239961068348,-15.632996608106907],[-70.89966585629418,-15.71340560828213],[-70.94226835679916,-15.774924232867022],[-70.89006810615814,-15.85193823296305],[-70.89291385608954,-15.88840198366455],[-70.86578360682796,-15.889386108182293],[-70.8432769817473,-15.923255857971412],[-70.8424606068715,-15.969344109143265],[-70.82019810545819,-15.978467984010194],[-70.82860560556418,-15.99920560935135],[-70.80411535573904,-16.053045234150204],[-70.85673523184545,-16.056337358981864],[-70.89548498184638,-16.105224609727884],[-70.86711123099849,-16.128484734482868],[-70.87859348170377,-16.166616483863606],[-70.85388948101468,-16.196687733851775],[-70.8669586061547,-16.224584609292265],[-70.84450535673676,-16.234723984224445],[-70.87648010637179,-16.28155323449414],[-70.91738123165845,-16.283174484614733],[-70.94361110666722,-16.314405484125757],[-70.98628998119761,-16.30994998460409],[-70.95608523134831,-16.472520858950418],[-71.01256560651751,-16.49857898413279],[-71.0471954812864,-16.45440298391054],[-71.13951873140428,-16.474973734650064],[-71.24210360669605,-16.463064234027115],[-71.23749548143127,-16.514591234198065],[-71.26040648127406,-16.605201734472416],[-71.27915185647294,-16.615821859091454],[-71.28909298125603,-16.72645760923126],[-71.32717135677268,-16.752445233860385],[-71.36943048173129,-16.719676984505213],[-71.42590998186012,-16.741319984329778],[-71.44419485650741,-16.815699734355235],[-71.42406235619274,-16.91929760959698],[-71.46520235670334,-16.95391460967147],[-71.40457148168849,-16.956764233882268],[-71.38578798153009,-17.02050198417919],[-71.33942410613753,-17.02175898458944],[-71.30224610667244,-17.093851110240507],[-71.42351535614876,-17.236616109945487],[-71.49079685618995,-17.285007110289882],[-71.53791810643543,-17.253957735161293],[-71.56401823175594,-17.261568110379926],[-71.82321173163609,-17.179622610395086],[-72.02304727131445,-17.02239231865053],[-72.11220548249696,-17.015758483966806],[-72.119293231997,-16.969924984650277],[-72.211524982392,-16.90244673452912],[-72.28848260758622,-16.875133484023024],[-72.31011960713414,-16.80761910903459],[-72.44787598199093,-16.70238298468695],[-72.75199885766114,-16.6381149842191],[-72.92008973205543,-16.518485983940934],[-73.04877473356709,-16.499944734162113],[-73.20844273304567,-16.400392484325664],[-73.23500823324332,-16.415277484568207],[-73.29151148356806,-16.405775109333774],[-73.31420135810617,-16.338703109061214],[-73.45125585887075,-16.28130710893589],[-73.61992648302072,-16.23008535935179],[-73.676208483035,-16.223558484636328],[-73.70032498361104,-16.241554234440343],[-73.72788235868387,-16.195247608989916],[-73.83481598307111,-16.15456385973431],[-73.98962398326017,-16.039115858909724],[-74.01782223320947,-16.036874733981733],[-74.05445098342608,-15.954523108254818],[-74.2415999848514,-15.878699358188783],[-74.27900698408502,-15.838818608192184],[-74.32673648450111,-15.849730483674819],[-74.39547723438682,-15.829357108044064],[-74.43911748418452,-15.794912358718307],[-74.4724578597424,-15.719484358016643],[-74.68029785935869,-15.645125358048801],[-74.80332935916255,-15.57683948345533],[-74.85340885913149,-15.573210733388578],[-74.84775548422817,-15.554538732976084],[-74.88755035976124,-15.52412698347348],[-75.07332610901267,-15.442941608468402],[-75.04554748452875,-15.430330232853919],[-75.01655573485925,-15.351096232904752],[-74.96820073437635,-15.299422233149471],[-74.92930598398391,-15.192401858359005],[-74.76229448400318,-15.098059983681253],[-74.71370998462805,-15.138529982972273],[-74.62874598483927,-15.124123608217872],[-74.60566998458211,-15.148599983302518],[-74.55252073424447,-15.139941233301215],[-74.40155023475552,-15.178522983648747],[-74.3878783596985,-15.251779608142328],[-74.41530610918954,-15.29926698318468],[-74.30870060964537,-15.359717357969657],[-74.32897148414662,-15.393821358668731],[-74.30120835947815,-15.478084608517804],[-74.16647335955787,-15.483957233639387],[-74.15047460921579,-15.427576108550511],[-74.09452060903885,-15.392003108456663],[-74.06542973429475,-15.40219498311194],[-74.0372924835612,-15.455479608397184],[-74.04341885869331,-15.491040357926124],[-74.07918548462237,-15.515720358407748],[-74.06728360935108,-15.53929423324223],[-74.08473973445115,-15.618906983570412],[-74.06341548403731,-15.629616733725243],[-74.01966098346759,-15.599853483551385],[-74.01027673328457,-15.559402483337863],[-73.96921535870183,-15.532937983301224],[-73.94029998305774,-15.483388858508988],[-73.87212373312377,-15.4329757334433],[-73.88407910816426,-15.337456733441456],[-73.86511235854846,-15.323971733009046],[-73.77633660834778,-15.338743233413425],[-73.7588653584495,-15.385265358009804],[-73.68582910832663,-15.437656358454149],[-73.65303798381586,-15.416530608200958],[-73.55593110843387,-15.408222233169454],[-73.44167323353287,-15.355775857869503],[-73.39123535822517,-15.399143108567557],[-73.27479910859194,-15.392956483354965],[-73.29379998298276,-15.35940998318415],[-73.2849211086222,-15.294938108207077],[-73.24593348344348,-15.286091858552368],[-73.17213435821401,-15.30607610832567],[-73.12058260870037,-15.23081685821137],[-73.11167148375193,-15.186534858496884],[-73.02183798333624,-15.131798858730292],[-73.00511173361957,-15.007749607858045],[-72.9827423576736,-14.982355108601325],[-73.03185273381655,-14.89712335815642],[-73.00278473332872,-14.814986232428623],[-72.92992398230592,-14.75816635689182],[-72.88533998215439,-14.772229982028023],[-72.84256748280308,-14.757659856916803],[-72.78969573267187,-14.650213232254828],[-72.77040860767107,-14.664712857712175],[-72.72543335746343,-14.643874107204226],[-72.72441860743277,-14.676703482579626],[-72.69064335750488,-14.68865585748182],[-72.64482110780784,-14.667281107437134],[-72.61101535737282,-14.676129357184038],[-72.59437560714849,-14.713675482437509],[-72.57031248223524,-14.682736356997225],[-72.47709660732255,-14.658203106987742],[-72.46012873225516,-14.67575648207594],[-72.48666373284493,-14.741969107288412],[-72.46918485759505,-14.786989231867494],[-72.43457035763583,-14.790140107380012],[-72.41671748222598,-14.822833981902704],[-72.3154448571944,-14.833863232402223],[-72.21219635777567,-14.803241732220101],[-72.18932348199309,-14.778236357022195],[-72.14574435731618,-14.77741810705993],[-72.13117210710703,-14.82831285685279],[-72.063089982017,-14.887879982275308],[-72.04638998261157,-14.887109982739446],[-72.02521998211643,-14.829119982201348],[-72.04057998268001,-14.810009982274835],[-72.04063998274898,-14.688509982049993],[-72.0083000364175,-14.640690021527234],[-71.98109435741861,-14.640622107424292]],[[-71.13862610660948,-16.340639109307403],[-71.19665523125389,-16.356203109385945],[-71.19629673180867,-16.38313298429972],[-71.09291060643932,-16.407546984205908],[-71.10159298163074,-16.341422984483074],[-71.14375310652059,-16.32326885957019],[-71.13862610660948,-16.340639109307403]]]}},{"type":"Feature","properties":{"code":"05","name":"AYACUCHO","capital":"AYACUCHO","source":"INEI"},"geometry":{"type":"Polygon","coordinates":[[[-74.34842848478672,-12.175033105693217],[-74.32133848468328,-12.230157605389138],[-74.29148510984987,-12.223049604955236],[-74.2180426089792,-12.278080230718047],[-74.2187016096915,-12.301735605713588],[-74.14733185907801,-12.324382730078867],[-74.13115998474547,-12.314605105641078],[-74.12516710947449,-12.333859480030924],[-74.09735360928158,-12.28370935540238],[-74.03978673347092,-12.261408729928917],[-73.99985048361287,-12.283576855587341],[-73.98045160885465,-12.242588354868644],[-73.97007248365816,-12.34781148041543],[-73.88592498375095,-12.40614048039879],[-73.85318998323112,-12.534363105372961],[-73.8240229835738,-12.533477980024713],[-73.80063323323708,-12.614583479943576],[-73.76455698331807,-12.647839980230856],[-73.72503848383894,-12.636729605486835],[-73.62566723335607,-12.764992481417835],[-73.58189910805737,-12.858679856490141],[-73.52367648348286,-12.89947810652933],[-73.52984610881083,-12.931963356323763],[-73.49660360826988,-12.93252985636775],[-73.53003248341236,-12.98526610654551],[-73.50468098344061,-13.011122481417317],[-73.47657260813929,-13.00110223158265],[-73.49030673336904,-13.066475980881762],[-73.4781809835655,-13.055917981429673],[-73.44883810799223,-13.080279731624273],[-73.45515410877505,-13.120741606439935],[-73.41466160844641,-13.145089105977434],[-73.40961898382898,-13.211918730864681],[-73.38232473329975,-13.22487360613195],[-73.34817660826383,-13.302320481405047],[-73.3114043586242,-13.325889481014713],[-73.28691335876448,-13.372564981388734],[-73.21099385877955,-13.420785981088102],[-73.23531773312686,-13.47669373093089],[-73.31167073331767,-13.446597106571176],[-73.33179310816536,-13.45637798115888],[-73.34716335830228,-13.434832231322389],[-73.48090998350887,-13.431369981739238],[-73.50710998303924,-13.384119980952335],[-73.57130535875524,-13.3627799816108],[-73.57362998303722,-13.338899981149154],[-73.69809998352736,-13.265499981339019],[-73.72763998329856,-13.268309981420487],[-73.72904998356984,-13.187429981108721],[-73.75269910827717,-13.171174106499791],[-73.79333998325359,-13.193909981360491],[-73.8240229835738,-13.248392606133848],[-73.80585235879926,-13.312997230937412],[-73.83209835865227,-13.330156980859954],[-73.84744598364517,-13.400918981325901],[-73.82738998326107,-13.433739981315057],[-73.83895385823394,-13.456376106072412],[-73.80384498385888,-13.554915980987687],[-73.80566048304479,-13.615053731644366],[-73.66966785858477,-13.73425985630729],[-73.7399873584298,-13.756233606095975],[-73.74243998321862,-13.791759981737698],[-73.69777935813084,-13.847415982561472],[-73.68003998345841,-13.915319982531116],[-73.65596998322809,-13.930849981941094],[-73.61106998379267,-14.089939982644012],[-73.51224998354985,-14.268159982397208],[-73.55385673310172,-14.401220482439271],[-73.58182598328244,-14.416420481919658],[-73.50701173300502,-14.544308607656092],[-73.53358985878492,-14.584078232024751],[-73.51421673341548,-14.65935823219661],[-73.57548998337597,-14.695089982416732],[-73.56342998300727,-14.779389982161888],[-73.51343998356833,-14.826189981982054],[-73.46507223339682,-14.840203107487355],[-73.36436810850137,-14.68164923222622],[-73.28423860862483,-14.73410110688053],[-73.2636211084274,-14.709789107181507],[-73.19041160840897,-14.705774732317991],[-73.1532373582175,-14.674345107640534],[-73.10985648368973,-14.692304857583053],[-73.09805698364283,-14.650765857558213],[-73.04331260849006,-14.657244232735081],[-73.04264798341768,-14.623083857134247],[-73.01466610855402,-14.630905857219489],[-72.99780848317494,-14.662773607316069],[-72.97455773205365,-14.651816857461938],[-72.93572510772748,-14.695265732427572],[-72.91780773204118,-14.685262107460233],[-72.86687923249053,-14.70831260744086],[-72.84682460716982,-14.759823856885419],[-72.88533998215439,-14.772229982028023],[-72.92992398230592,-14.75816635689182],[-73.00278473332872,-14.814986232428623],[-73.03185273381655,-14.89712335815642],[-72.9827423576736,-14.982355108601325],[-73.00511173361957,-15.007749607858045],[-73.02183798333624,-15.131798858730292],[-73.11167148375193,-15.186534858496884],[-73.12058260870037,-15.23081685821137],[-73.17213435821401,-15.30607610832567],[-73.24593348344348,-15.286091858552368],[-73.2849211086222,-15.294938108207077],[-73.29379998298276,-15.35940998318415],[-73.27593235869136,-15.393769233063608],[-73.39123535822517,-15.399143108567557],[-73.44167323353287,-15.355775857869503],[-73.55593110843387,-15.408222233169454],[-73.65303798381586,-15.416530608200958],[-73.68582910832663,-15.437656358454149],[-73.7588653584495,-15.385265358009804],[-73.77633660834778,-15.338743233413425],[-73.86511235854846,-15.323971733009046],[-73.88407910816426,-15.337456733441456],[-73.87212373312377,-15.4329757334433],[-73.94029998305774,-15.483388858508988],[-73.96921535870183,-15.532937983301224],[-74.01027673328457,-15.559402483337863],[-74.01966098346759,-15.599853483551385],[-74.06660460951508,-15.630020108441215],[-74.08473973445115,-15.618906983570412],[-74.06728360935108,-15.53929423324223],[-74.07918548462237,-15.515720358407748],[-74.04341885869331,-15.491040357926124],[-74.0372924835612,-15.456077608095086],[-74.06542973429475,-15.40219498311194],[-74.09452060903885,-15.392003108456663],[-74.15047460921579,-15.427576108550511],[-74.16647335955787,-15.483957233639387],[-74.30120835947815,-15.478084608517804],[-74.32897148414662,-15.393821358668731],[-74.30870060964537,-15.359717357969657],[-74.41530610918954,-15.29926698318468],[-74.3878783596985,-15.251779608142328],[-74.40155023475552,-15.178522983648747],[-74.55252073424447,-15.139941233301215],[-74.60566998458211,-15.148599983302518],[-74.62874598483927,-15.124123608217872],[-74.71370998462805,-15.138529982972273],[-74.75257873472077,-15.113404233518509],[-74.75857998447867,-15.093259983561325],[-74.66529973429527,-15.049905858468549],[-74.66569373447822,-14.997902357907435],[-74.6463033592126,-14.977893482897855],[-74.68532860932783,-14.93015448294301],[-74.66239273423724,-14.900123107995],[-74.68096085935616,-14.854278857283418],[-74.69384035974474,-14.838155232477959],[-74.75458023439029,-14.835289982546612],[-74.71439685982716,-14.817800982729125],[-74.76470210941477,-14.790456482580566],[-74.71569710953395,-14.709776732510136],[-74.8026999848164,-14.752149982335766],[-74.82529835963157,-14.736444982050216],[-74.84857285915007,-14.672183856899437],[-74.78816623458403,-14.615563232457191],[-74.85902923431166,-14.608379607133145],[-74.88424873449145,-14.545480981861772],[-74.94662835921139,-14.580835232659808],[-74.95891973445816,-14.606451232238555],[-75.05595785936765,-14.62688485705047],[-75.08009010977071,-14.569009982324758],[-75.06732885943927,-14.527937357223209],[-75.08667535948024,-14.530205857514261],[-75.09813773426896,-14.485097232451267],[-75.05299410939062,-14.431150357203194],[-75.13982611078637,-14.415908232578829],[-75.09392685933705,-14.312424482204051],[-75.03219785904395,-14.26567910720496],[-75.09078998447018,-14.215179982670008],[-75.02912998466104,-14.071949982205865],[-74.89620123439943,-14.103904232694163],[-74.86079485979491,-14.067193357287579],[-74.82518748401515,-14.092279232600447],[-74.75871285931095,-14.078595732007386],[-74.78533073422597,-13.990267982681189],[-74.76795473422357,-13.97855235700564],[-74.78515523422664,-13.888310232531182],[-74.7603637339991,-13.831487231850247],[-74.77892385964839,-13.784605480958135],[-74.7623144840262,-13.7819043564009],[-74.75389060906434,-13.736976606585074],[-74.77539123451783,-13.710538480966079],[-74.77138823427953,-13.60649885603732],[-74.79956998436722,-13.547469981154677],[-74.83185998415092,-13.532189981582349],[-74.8621799848184,-13.481789981222619],[-74.9020999848264,-13.466439981120175],[-74.89701998438471,-13.393859981352989],[-74.86918998433026,-13.360099981229098],[-74.77008785956701,-13.346328106057229],[-74.75962223397886,-13.325071106046664],[-74.71827998403398,-13.363789981422485],[-74.63320998475297,-13.345099981079215],[-74.66699560925991,-13.327435731273908],[-74.68605648461903,-13.286370981535526],[-74.64465423460518,-13.274136731225099],[-74.57232698480249,-13.184734480911516],[-74.5422128596357,-13.200501981381308],[-74.45843885986545,-13.190038105873839],[-74.42042573465989,-13.15953910594493],[-74.39600998467301,-13.168829981318538],[-74.38871998483938,-13.129659981722739],[-74.41086998466204,-13.119699981069232],[-74.41126998422237,-13.079389981062718],[-74.37990998415842,-13.024489980927854],[-74.27157003862635,-13.068630019959414],[-74.29544648406795,-12.936881731506674],[-74.33005998398102,-12.91541998104725],[-74.32962998483589,-12.836149981236588],[-74.29489848397782,-12.830152356645897],[-74.28496998477692,-12.788309981120676],[-74.29408998446519,-12.751179981171163],[-74.32836998428729,-12.744239981290036],[-74.34936998413741,-12.717139980725506],[-74.32716998470698,-12.680199980544614],[-74.34222998402652,-12.625339980455692],[-74.32422998402649,-12.603859980053983],[-74.38685998450063,-12.56680998019641],[-74.41518998423032,-12.491749980277348],[-74.40924998459906,-12.451919979923105],[-74.50699998406196,-12.448239980190863],[-74.54942998470597,-12.37384998059207],[-74.56461998462453,-12.360909980111444],[-74.57598998465005,-12.373169980709974],[-74.58112285983208,-12.333318980286663],[-74.5554468592851,-12.28808910502812],[-74.50710235928642,-12.312464479951757],[-74.4740610640668,-12.272055166013047],[-74.44153421253384,-12.272134500606683],[-74.4162899845951,-12.304769980350272],[-74.3847799848084,-12.271529979924594],[-74.38736998463702,-12.187979980591592],[-74.34842848478672,-12.175033105693217]],[[-73.7014487332724,-15.247120858240976],[-73.7495556081048,-15.266017983243273],[-73.72437523382996,-15.320629983586855],[-73.68386823373197,-15.334102983465868],[-73.6393604834995,-15.290174107948701],[-73.68731023328058,-15.276044608371933],[-73.7014487332724,-15.247120858240976]]]}},{"type":"Feature","properties":{"code":"06","name":"CAJAMARCA","capital":"CAJAMARCA","source":"INEI"},"geometry":{"type":"Polygon","coordinates":[[[-78.70034323884937,-4.62769297365179],[-78.63787248852447,-4.656415223483748],[-78.64502686339898,-4.734833473585866],[-78.62069873885565,-4.767931972882195],[-78.64193748802461,-4.802351597847917],[-78.64510461338716,-4.907473598227909],[-78.67832773803462,-4.968381598431961],[-78.65143436300542,-4.978569097885497],[-78.64052823868724,-5.034244473703438],[-78.69550173052039,-5.093470042008789],[-78.71086036321515,-5.155668223109956],[-78.68520636368271,-5.265599474036435],[-78.65442586336286,-5.2743007241990085],[-78.63844186370102,-5.30533097434494],[-78.58147332483401,-5.307733527580183],[-78.5037021207562,-5.411974740042183],[-78.44834998736201,-5.3978520015685945],[-78.45382393762458,-5.426100962489386],[-78.55761273803739,-5.4952314740532415],[-78.55023461363646,-5.533094724541854],[-78.58299048832032,-5.55073859930684],[-78.62477098869016,-5.6393647239028155],[-78.68524498866526,-5.6966655991380435],[-78.65142111329368,-5.726099599416955],[-78.69175511350767,-5.750741849057022],[-78.71228973848059,-5.828724973878423],[-78.69593361374524,-5.8885273493576165],[-78.61121011335598,-6.016609974170933],[-78.60046198823011,-6.065620224293866],[-78.51022911328289,-6.077044099105819],[-78.41541723851469,-6.212606474409199],[-78.37008911322198,-6.2390839741460695],[-78.33264261216681,-6.3523047256824725],[-78.27709023752442,-6.399103850462268],[-78.24345173760759,-6.401710475158268],[-78.20998586255746,-6.458030225114726],[-78.19002948727098,-6.457016100112867],[-78.1738398621199,-6.493705475427305],[-78.15218111246833,-6.499826350305796],[-78.10715461259525,-6.643430475036325],[-78.04466998752986,-6.69216184988943],[-78.01369161207822,-6.8212528503387375],[-78.03094136255379,-6.847746099902565],[-78.00079348762932,-6.867257725363686],[-78.0136406124243,-6.9316838500296285],[-77.98849111277457,-6.975324350738163],[-78.00055048721515,-6.989204350500302],[-77.92974023722212,-7.10554672530111],[-77.92561248752622,-7.154573100268294],[-77.89786898786343,-7.1668072255729385],[-77.88200973765925,-7.22054960038372],[-77.84923961231823,-7.235571475643042],[-77.85681086253123,-7.282620975277723],[-77.83282786271565,-7.3045509748475865],[-77.82499573716348,-7.378663851055819],[-77.74137161211019,-7.466694726080675],[-77.85685998709869,-7.523529976427199],[-77.86793998724056,-7.583029976452224],[-77.92241998779218,-7.599739976318801],[-77.91313786282205,-7.625865851028152],[-77.9628022375332,-7.674313601291601],[-78.08122111276413,-7.696168851011635],[-78.1283842372427,-7.653224225917256],[-78.17134511218711,-7.7133938512452005],[-78.21935073774631,-7.724458101560117],[-78.22182036241975,-7.763460976542774],[-78.28115611206488,-7.747277601679912],[-78.27620698726264,-7.719557976319493],[-78.34796498779389,-7.685716476034486],[-78.38281923801736,-7.630107101461533],[-78.35679223837104,-7.574006101700206],[-78.36082723828639,-7.529961351235329],[-78.32574998767177,-7.509904351704449],[-78.33065136207068,-7.4963339759322025],[-78.41562998843318,-7.485069976298348],[-78.49138998825731,-7.554869976468183],[-78.62456998841418,-7.548559975962064],[-78.650242363794,-7.527798601324321],[-78.62779473873616,-7.452641851440262],[-78.66399373802057,-7.403621350844617],[-78.73371998838672,-7.4206799764996845],[-78.76011998814687,-7.401979976594589],[-78.78128748852674,-7.423668726730284],[-78.78991411384521,-7.395154351591998],[-78.88668523813317,-7.484101601607563],[-78.85108798871966,-7.522117226029138],[-78.91277398882846,-7.5510866014654425],[-78.95353998827977,-7.649799976287852],[-78.99214873807375,-7.660949351031661],[-79.0412324879889,-7.599887475926209],[-79.03860423819498,-7.562062476302174],[-79.07155186362758,-7.505345726024416],[-79.06542811361652,-7.472708601420777],[-79.15449223862589,-7.4391348508926285],[-79.19444273824172,-7.373373724917428],[-79.23248023867205,-7.390682726326702],[-79.2829021132419,-7.348743474931382],[-79.31579761306932,-7.359554100241496],[-79.36927998848063,-7.324119975256622],[-79.26891998826682,-7.2784099753400255],[-79.27555286337389,-7.215539225454847],[-79.25180373855164,-7.198348600007819],[-79.3053012387611,-7.147146225417941],[-79.29618998857705,-7.129619975681294],[-79.33048836334723,-7.075973349890148],[-79.32302273850854,-7.0264803499881054],[-79.29665223831012,-7.00073822498905],[-79.31100886346826,-6.901341725140469],[-79.12084773843236,-6.7769699755838815],[-79.14272661334252,-6.699895350390079],[-79.18842998885287,-6.716539974939849],[-79.22906036334507,-6.671405975505309],[-79.2955899887869,-6.676136225106632],[-79.30402336328757,-6.651605350206694],[-79.36249636361623,-6.634765225634624],[-79.33573611343087,-6.602429475539793],[-79.36961336356586,-6.520802849971517],[-79.42194373801306,-6.533363475044268],[-79.42288823840147,-6.451881974873174],[-79.45857086405408,-6.372099100692878],[-79.42265773856377,-6.310430100468693],[-79.3527729880829,-6.303981724876678],[-79.3290348637679,-6.26627022419143],[-79.30048748800715,-6.267469724648038],[-79.27904836359107,-6.229257724264528],[-79.2491028631066,-6.224439349196587],[-79.27338361316316,-6.147727724554784],[-79.23509336366777,-6.093722724324209],[-79.18191673886639,-6.089338724502511],[-79.1755996130317,-6.041376974167974],[-79.2039599882628,-6.02405997418839],[-79.22493861302655,-6.054705849595223],[-79.30040461368196,-5.985154349193806],[-79.32214111332166,-5.999126099589773],[-79.31700973820881,-6.04289647409297],[-79.34901761347203,-5.9796878489150345],[-79.39591786341862,-5.977193098982298],[-79.41801611355277,-6.002987099574966],[-79.42050998844519,-5.9720999747340215],[-79.33543748814952,-5.893968724377089],[-79.39924561309454,-5.771214723880348],[-79.3711209888425,-5.602563724736058],[-79.39862298816035,-5.533480474344344],[-79.27596086330317,-5.5197402247315495],[-79.30785736382626,-5.3652773492702295],[-79.359048863814,-5.288626973855685],[-79.3481894880544,-5.233660099234157],[-79.37840811354357,-5.189978473427743],[-79.3418573633266,-5.163999973320074],[-79.33035123831894,-5.124428473195451],[-79.29602611321451,-5.111980222908926],[-79.27300811383333,-5.058521723598631],[-79.22624804301273,-5.047857387408442],[-79.20832641802974,-4.964287762170443],[-79.07616061302184,-4.971040847856784],[-79.07140036383566,-4.990926473477941],[-79.01450511342023,-5.015028723396824],[-78.97239998836875,-4.894976598391281],[-78.89165773811408,-4.887343723034348],[-78.91186211314596,-4.851635222987113],[-78.89168548849449,-4.808005848690925],[-78.91542361370875,-4.78085609853008],[-78.88962948811036,-4.76392609841065],[-78.89048936319352,-4.717291973146018],[-78.85617898876927,-4.6676689735442665],[-78.80475973817136,-4.63792572339338],[-78.70034323884937,-4.62769297365179]]]}},{"type":"Feature","properties":{"code":"07","name":"CALLAO","capital":"CALLAO","source":"INEI"},"geometry":{"type":"Polygon","coordinates":[[[-77.13504463360294,-11.81819866173879],[-77.0892739690184,-11.899177614455311],[-77.09524411122669,-11.949659130264592],[-77.12859179917217,-11.938066405939821],[-77.1180465206304,-11.994862423362122],[-77.08930654336223,-12.011723150502974],[-77.09629531887384,-12.033643509340436],[-77.07794677582302,-12.046621231884274],[-77.11149184876979,-12.079513759452368],[-77.17089248450054,-12.07221303520339],[-77.15500132455145,-12.04932963195688],[-77.14713459218763,-12.055450339561503],[-77.14080654948265,-12.045654550616973],[-77.155480107421,-12.04615914043194],[-77.13343153943396,-11.969104968519446],[-77.15776561119395,-11.871876980538161],[-77.18796337151235,-11.82855885890416],[-77.13504463360294,-11.81819866173879]]]}},{"type":"Feature","properties":{"code":"08","name":"CUSCO","capital":"CUSCO","source":"INEI"},"geometry":{"type":"Polygon","coordinates":[[[-72.9728021088302,-11.251894479346674],[-72.93588648207543,-11.29001497910798],[-72.95555560760516,-11.304616353861604],[-72.93246185832805,-11.30734685387415],[-72.96497323342794,-11.331611729097972],[-72.92435260758674,-11.327405229367798],[-72.9346929827949,-11.347066855450976],[-72.92318510860582,-11.355109479918497],[-72.89468385727417,-11.358259855407937],[-72.8903661078096,-11.34317535405927],[-72.82178223386296,-11.389625478932658],[-72.81619810765653,-11.375083604224926],[-72.79972860718942,-11.385570353988612],[-72.79703623213635,-11.364430728994876],[-72.7949754824325,-11.384556604004047],[-72.71282698207955,-11.347236605185117],[-72.69230223256193,-11.395698104284065],[-72.6656949822376,-11.385909355232513],[-72.60953885763212,-11.439938353871867],[-72.60031510765606,-11.418532854207797],[-72.59614373274701,-11.440037979868805],[-72.55366535757014,-11.43207985390211],[-72.54773173233355,-11.448341980597888],[-72.49895160703102,-11.395023980572205],[-72.44903398233237,-11.385767729097381],[-72.44922935734894,-11.370801479604552],[-72.33829498102853,-11.317080103963576],[-72.30567973243365,-11.30733397917976],[-72.28006060771082,-11.339605479009606],[-72.25318948280835,-11.33007810442092],[-72.23925835748719,-11.345060980579717],[-72.24789448234446,-11.385005854036876],[-72.2925507322305,-11.433273104070452],[-72.30789448204467,-11.587537104353828],[-72.39030173263882,-11.650684229393619],[-72.42819760783328,-11.705184604985504],[-72.42506448224003,-11.733169229975942],[-72.37076798205669,-11.784967355059337],[-72.3907568570433,-11.827556854964826],[-72.3318397328174,-11.856086229895539],[-72.3475142325957,-11.891267479910198],[-72.34048973241516,-11.965767730096616],[-72.28622173264682,-11.975316355665257],[-72.2591646072608,-12.00572347995461],[-72.26893285716557,-12.054375355638115],[-72.09444660782464,-12.08519097987977],[-72.10561135737822,-12.238792980211826],[-72.04335885722543,-12.25488435532867],[-72.02893573259792,-12.287234355181283],[-71.94589035725414,-12.330223605534911],[-71.96717898282378,-12.3476419806928],[-71.97664685736652,-12.399453730505229],[-72.06055760714781,-12.438361480597791],[-72.07896160779194,-12.498627229962665],[-71.98139610784403,-12.580490480651122],[-71.9842129823432,-12.608166604904852],[-71.95712585737238,-12.639487854980473],[-71.97807035736105,-12.678937479880744],[-71.96765398224545,-12.691896605344027],[-71.91778210785793,-12.69891448021906],[-71.9003516062416,-12.733355480271143],[-71.81223998109022,-12.743859980853415],[-71.74755998140796,-12.796159981597839],[-71.70808998146742,-12.77291998097229],[-71.69496998167926,-12.738789979973546],[-71.6389599816178,-12.70943997997108],[-71.55270098146508,-12.708705105256342],[-71.54659135620608,-12.735416479986498],[-71.51313573162867,-12.744386730862914],[-71.44648285679835,-12.827215981132554],[-71.44887223136834,-12.863340606483746],[-71.41636723156245,-12.894062480898754],[-71.39684285641266,-12.882633106732442],[-71.37505835635801,-12.900546106317734],[-71.35898873134482,-12.8807542314226],[-71.27100998102577,-12.9624899816273],[-71.16206310642718,-12.966768481080464],[-71.17939510619914,-12.998342231109007],[-71.17379885623217,-13.055007856727173],[-71.13153660612943,-13.220017106104535],[-71.03626123157056,-13.270494856452444],[-71.01200198160615,-13.264962855851081],[-70.97723623186658,-13.16968298108469],[-70.94219023179375,-13.15649885603733],[-70.92139285639519,-13.110830981264712],[-70.8872911066992,-13.103364481385654],[-70.89926623175114,-13.069684856370998],[-70.81735348057862,-13.069851480961006],[-70.75994123060326,-13.108095981044642],[-70.68520873049846,-13.106781231568561],[-70.6603252305249,-13.088332731570233],[-70.59949185516496,-13.09914623111365],[-70.54942523078972,-13.153170981355686],[-70.4642477301486,-13.159690606636161],[-70.38532710526164,-13.199038356335052],[-70.39007760579682,-13.231333481355023],[-70.42270648002,-13.255464481700415],[-70.37083748026544,-13.276411355899313],[-70.3458466057362,-13.312746106047882],[-70.39559872999735,-13.316665481027087],[-70.39950035505728,-13.371643606167424],[-70.45111585571215,-13.36516973119808],[-70.44264598042764,-13.395405481577654],[-70.47182698073055,-13.43992798159104],[-70.45261798073517,-13.447918356347031],[-70.48879473079216,-13.500380731485507],[-70.5388736057323,-13.531256731712745],[-70.54362548043156,-13.577635230981059],[-70.61619085542361,-13.60906248144829],[-70.66280698075752,-13.660567106486724],[-70.71537423033641,-13.662652606432573],[-70.7353757300059,-13.735299356580015],[-70.69885823042296,-13.803167606699617],[-70.70918998023336,-13.843149981886086],[-70.76772998005447,-13.814379981650802],[-70.828399980075,-13.82762998203799],[-70.85392648182165,-13.798604981734456],[-70.88004798132926,-13.817367857740408],[-70.87513585643461,-13.838986107322967],[-70.83242035521516,-13.856872482479048],[-70.83085960518662,-13.895075107430216],[-70.80967285571768,-13.91226423190875],[-70.846275606534,-13.96354123224205],[-70.84036223133188,-14.008167107525935],[-70.86039110636443,-14.030841857265841],[-70.82947173003629,-14.076336857160186],[-70.79004298019936,-14.080968357603581],[-70.8211444800337,-14.14114685744147],[-70.88661010677095,-14.172314357621474],[-70.89979260674335,-14.232986232728422],[-70.87991460647385,-14.270434107048345],[-70.9134568564487,-14.303319482308211],[-70.91218210611925,-14.341473107697709],[-70.98603598117558,-14.379762482152785],[-70.96235298170473,-14.444538982687845],[-70.98797260645057,-14.45532035754843],[-70.9993488567643,-14.502638106963047],[-70.96611648169022,-14.568335982719361],[-70.97770323181868,-14.583021107737864],[-71.01471035649769,-14.577978482221113],[-71.01005310666551,-14.597541982376526],[-71.0310419810026,-14.593262606983672],[-71.11809173164806,-14.647949857200103],[-71.05324048126317,-14.754330482165983],[-71.02776348179918,-14.760074982674269],[-71.01309348157889,-14.739693857585394],[-70.97505923129847,-14.764981982332586],[-70.97832660678745,-14.824154607549076],[-70.996591856429,-14.843943482305804],[-70.9847403566821,-14.946068482974056],[-71.00420635683787,-14.998656733521386],[-70.96250248140433,-15.215636857854633],[-70.98528060641479,-15.249029608129888],[-70.95003223100264,-15.29825885845952],[-70.95905821106754,-15.319051536699021],[-71.00611898100613,-15.335227358156033],[-71.08201598175214,-15.45707410818352],[-71.1200943563694,-15.42710298331599],[-71.15025598102864,-15.440592733068115],[-71.17433160651836,-15.424456608585558],[-71.15052798098151,-15.355904608410924],[-71.164237980998,-15.290927858533792],[-71.20207973139446,-15.245132483277416],[-71.16032860648,-15.207768233317267],[-71.18490610673138,-15.169772107996323],[-71.14325710613048,-15.121558233625535],[-71.19667810640942,-15.08886810837646],[-71.20730585638012,-15.050581983171924],[-71.22653198126591,-15.069554358047128],[-71.26554110653677,-15.062999732951255],[-71.26058848157311,-15.078270232984835],[-71.31912998146345,-15.119736733263608],[-71.41736585674886,-15.033725732856226],[-71.4475019811315,-14.979785857930949],[-71.50522610609988,-14.975560233218118],[-71.48587035653168,-15.059104858202602],[-71.51344298140845,-15.079844483635952],[-71.57234373167785,-15.061931608157124],[-71.58833310658758,-15.127825733071063],[-71.6145629815963,-15.145854983520621],[-71.67370610635169,-15.08905510800679],[-71.8376312310964,-15.074841483147907],[-71.84931948140888,-15.04508973350437],[-71.7659988568617,-15.009585357977869],[-71.745959981368,-14.93986998311317],[-71.7930078568271,-14.896167983165867],[-71.82630160613417,-14.906635232929602],[-71.82726285639569,-14.888825357704036],[-71.85960385673258,-14.883615482568416],[-71.87610623101773,-14.801252357210444],[-71.92399998271299,-14.789799981983549],[-71.95896998197907,-14.732589982341779],[-71.92927535727188,-14.689303357663789],[-71.98791498219066,-14.632949857050221],[-72.04441998259608,-14.70280998229481],[-72.04051998261104,-14.81049998238825],[-72.02521998211643,-14.829119982201348],[-72.04683998267905,-14.887439982669036],[-72.07661998272596,-14.883699981968562],[-72.13117210710703,-14.82831285685279],[-72.14574435731618,-14.77741810705993],[-72.18932348199309,-14.778236357022195],[-72.21219635777567,-14.803241732220101],[-72.31838973220033,-14.834089232032397],[-72.40647885721347,-14.827085481909421],[-72.43457035763583,-14.790140107380012],[-72.46918485759505,-14.786989231867494],[-72.48846435724425,-14.723461107244248],[-72.46012873225516,-14.67575648207594],[-72.4616994827449,-14.605869607396414],[-72.50290498267879,-14.552580981926724],[-72.49163948207638,-14.533539982484172],[-72.44049810760157,-14.481748107688986],[-72.3992753577715,-14.484169981959042],[-72.36548960735945,-14.461765107073973],[-72.3576253571245,-14.435963857046318],[-72.31719923215877,-14.44068948233371],[-72.29480223263687,-14.410792357281423],[-72.24950523198083,-14.40292623196001],[-72.23951560765914,-14.348472357613161],[-72.18710685729559,-14.313223607183659],[-72.16116773220506,-14.263794732540816],[-72.0764804565078,-14.207429842912859],[-72.09518998203203,-14.173399982323303],[-72.05668998275644,-14.12933998205449],[-72.05554623217284,-13.930678732137721],[-72.13081835698154,-13.788203481405503],[-72.16590973234821,-13.747636481238544],[-72.23187510784993,-13.721723231441956],[-72.24476248270236,-13.687431856095259],[-72.27741785724828,-13.684148481667023],[-72.31233998200452,-13.708489980927823],[-72.40303998280893,-13.658639981649799],[-72.42139785722532,-13.60607973149439],[-72.55141073201963,-13.554281481405212],[-72.59339035757893,-13.562169105919452],[-72.601430732842,-13.54430160663378],[-72.63687585743486,-13.542142480990663],[-72.65586873235605,-13.51349698110073],[-72.67206748202864,-13.522099606211839],[-72.74846635753636,-13.481120355919643],[-72.77094898240955,-13.449293730920886],[-72.79274573212979,-13.456507730847079],[-72.79831435762145,-13.421766606343738],[-72.88407298218232,-13.41697898089518],[-72.89549985713268,-13.38892423126822],[-72.92596060709633,-13.383068356019749],[-72.97706473255136,-13.388173231709231],[-73.01512573316603,-13.42666885668234],[-73.04405160839497,-13.411962481583203],[-73.06044423301489,-13.43802035585469],[-73.0972883582711,-13.44887610644713],[-73.14411048321222,-13.419115731405839],[-73.16977823337874,-13.452438356145194],[-73.18710760802963,-13.416354230863021],[-73.2490429838466,-13.40363723167286],[-73.34158385820842,-13.311240230851922],[-73.38232473329975,-13.22487360613195],[-73.40961898382898,-13.211918730864681],[-73.41466160844641,-13.145089105977434],[-73.45515410877505,-13.120741606439935],[-73.44925798346912,-13.079588231211858],[-73.4781809835655,-13.055917981429673],[-73.49013348347347,-13.067004355966219],[-73.47657260813929,-13.00110223158265],[-73.50468098344061,-13.011122481417317],[-73.53003248341236,-12.98526610654551],[-73.49593135874517,-12.933463606260375],[-73.52984610881083,-12.931963356323763],[-73.52367648348286,-12.89947810652933],[-73.58189910805737,-12.858679856490141],[-73.62566723335607,-12.764992481417835],[-73.72503848383894,-12.636729605486835],[-73.75658785864272,-12.651462355003616],[-73.80006348304329,-12.615453105476377],[-73.8240229835738,-12.533477980024713],[-73.85444185840498,-12.532166980721513],[-73.88592498375095,-12.40614048039879],[-73.97007248365816,-12.34781148041543],[-73.97222875755108,-12.294334517124241],[-73.83819720283861,-12.242520302270066],[-73.70453798364099,-12.26944598004792],[-73.65991560851847,-12.328747729923748],[-73.65769448361351,-12.359539479863031],[-73.5991022331815,-12.385899355470826],[-73.57432635867445,-12.276842355290398],[-73.4698652331939,-12.236894479896307],[-73.43952110821255,-12.152007730072626],[-73.3618873583149,-12.135964730387968],[-73.35612135861379,-12.111076355189596],[-73.40101548367761,-12.090833605186674],[-73.39788485819963,-12.020943480357289],[-73.43606948322002,-11.995849980592084],[-73.44272373341352,-11.939314605584514],[-73.50654910825472,-11.86526548051745],[-73.57750510867379,-11.836484730685754],[-73.57193659469806,-11.74262744220266],[-73.60826960285982,-11.660160095312108],[-73.55965098320627,-11.592050978869509],[-73.50233248305761,-11.563161979441759],[-73.48712623328902,-11.534915979089135],[-73.45040223317648,-11.533067604286487],[-73.47656873385995,-11.458351854054797],[-73.34617216241531,-11.31345300505211],[-73.25599885856042,-11.312535228917625],[-73.18645711850115,-11.28597755012379],[-73.13166198381344,-11.293927479669378],[-73.08213729270187,-11.273284212995975],[-73.06504098365446,-11.284354978899103],[-72.97706160830654,-11.212293479660332],[-72.9728021088302,-11.251894479346674]],[[-71.28033710627238,-14.434711981872397],[-71.22814673108672,-14.500379982150434],[-71.16795748165242,-14.521440482092544],[-71.16635398145104,-14.484172232062804],[-71.28033710627238,-14.434711981872397]]]}},{"type":"Feature","properties":{"code":"09","name":"HUANCAVELICA","capital":"HUANCAVELICA","source":"INEI"},"geometry":{"type":"Polygon","coordinates":[[[-74.57117610978958,-11.98710410517026],[-74.48761573407882,-12.033712980169867],[-74.45437573455246,-12.033945980122837],[-74.41422098451079,-12.076462980282258],[-74.41030998401851,-12.106485230708756],[-74.35147435905441,-12.137575605030122],[-74.3613052341492,-12.15522285495075],[-74.34319873463386,-12.17111810501649],[-74.38736998463702,-12.187979980591592],[-74.3847799848084,-12.271529979924594],[-74.4162899845951,-12.304769980350272],[-74.44153421253384,-12.272134500606683],[-74.4740610640668,-12.272055166013047],[-74.50710235928642,-12.312464479951757],[-74.5554468592851,-12.28808910502812],[-74.58112285983208,-12.333318980286663],[-74.57598998465005,-12.373169980709974],[-74.56461998462453,-12.360909980111444],[-74.54942998470597,-12.37384998059207],[-74.50699998406196,-12.448239980190863],[-74.40924998459906,-12.451919979923105],[-74.41518998423032,-12.491749980277348],[-74.38685998450063,-12.56680998019641],[-74.32422998402649,-12.603859980053983],[-74.34222998402652,-12.625339980455692],[-74.32716998470698,-12.680199980544614],[-74.34936998413741,-12.717139980725506],[-74.32836998428729,-12.744239981290036],[-74.29408998446519,-12.751179981171163],[-74.28496998477692,-12.788309981120676],[-74.29489848397782,-12.830152356645897],[-74.32962998483589,-12.836149981236588],[-74.33005998398102,-12.91541998104725],[-74.29544648406795,-12.936881731506674],[-74.27157003862635,-13.068630019959414],[-74.37990998415842,-13.024489980927854],[-74.41126998422237,-13.079389981062718],[-74.41086998466204,-13.119699981069232],[-74.38871998483938,-13.129659981722739],[-74.39600998467301,-13.168829981318538],[-74.42042573465989,-13.15953910594493],[-74.45843885986545,-13.190038105873839],[-74.5422128596357,-13.200501981381308],[-74.57232698480249,-13.184734480911516],[-74.64465423460518,-13.274136731225099],[-74.68605648461903,-13.286370981535526],[-74.66699560925991,-13.327435731273908],[-74.63320998475297,-13.345099981079215],[-74.71827998403398,-13.363789981422485],[-74.75962223397886,-13.325071106046664],[-74.77008785956701,-13.346328106057229],[-74.85778998472,-13.35520998145546],[-74.88769998446668,-13.380019981636792],[-74.9020999848264,-13.466439981120175],[-74.8621799848184,-13.481789981222619],[-74.83185998415092,-13.532189981582349],[-74.79956998436722,-13.547469981154677],[-74.77138823427953,-13.60649885603732],[-74.77539123451783,-13.710538480966079],[-74.75389060906434,-13.736976606585074],[-74.7623144840262,-13.7819043564009],[-74.77892385964839,-13.784605480958135],[-74.7603637339991,-13.831487231850247],[-74.78515523422664,-13.888310232531182],[-74.76795473422357,-13.97855235700564],[-74.78533073422597,-13.990267982681189],[-74.75871285931095,-14.078595732007386],[-74.82518748401515,-14.092279232600447],[-74.86079485979491,-14.067193357287579],[-74.89620123439943,-14.103904232694163],[-75.0157244842975,-14.069347607705879],[-75.05788998443518,-14.129919982720992],[-75.06353248473636,-14.088407232108011],[-75.08850210918496,-14.08156985746291],[-75.10884173415866,-14.032884732044693],[-75.16567998554285,-14.072529981973048],[-75.25852911062992,-14.043166232235762],[-75.23344273529398,-14.003285232227654],[-75.32901098576832,-14.018023356992273],[-75.43351998575872,-13.914069982443664],[-75.55593111073216,-13.878361357390702],[-75.564653610076,-13.843108232658778],[-75.52482911087475,-13.814399981673773],[-75.55458236058746,-13.749571231427126],[-75.53120098563693,-13.742710606609137],[-75.4845621101532,-13.65470848111147],[-75.51957536051441,-13.603514856025754],[-75.47731048529062,-13.52548435671764],[-75.49498998579918,-13.524279981036273],[-75.46570998542745,-13.434139980875386],[-75.49980998504276,-13.389079981256089],[-75.50127548517548,-13.354281105888276],[-75.53806448558748,-13.40475648112664],[-75.59897111072814,-13.38998798086061],[-75.61494548584545,-13.416796231460864],[-75.68928098562895,-13.439670106390224],[-75.71882961079785,-13.412576481119686],[-75.76252348537054,-13.413765856109308],[-75.8096579853277,-13.388856481741186],[-75.78763998529706,-13.334789981372523],[-75.70648148563203,-13.288286855853642],[-75.68894936062446,-13.214274106564744],[-75.70628986078839,-13.187651106413398],[-75.69399311029377,-13.14662773088503],[-75.7187682356655,-13.10976473155705],[-75.68661836014917,-13.04307198168658],[-75.65799514545955,-13.082327787397446],[-75.62860823548164,-13.057066731344548],[-75.6389898607934,-13.03077823133026],[-75.60260848529333,-12.980183355977033],[-75.63633748578633,-12.915582231334838],[-75.61271436047929,-12.859151856672781],[-75.57041111028445,-12.842858856251155],[-75.56033211043848,-12.817399731712214],[-75.53022861076175,-12.821619231142563],[-75.5082426104081,-12.779827356147507],[-75.57711711016645,-12.715701230027719],[-75.55145498525934,-12.683992605074593],[-75.57961323516264,-12.64148435531871],[-75.52538961064198,-12.618367229963667],[-75.46720073582526,-12.683330605123274],[-75.46079398535409,-12.63138598047857],[-75.44264523568904,-12.617741479885353],[-75.41538273572462,-12.628417105265157],[-75.40944723540156,-12.584730480127519],[-75.31933911081126,-12.51450285502267],[-75.32473998576171,-12.48550210493812],[-75.2155153600458,-12.46342110559948],[-75.22008461031646,-12.390454605095897],[-75.18236998538646,-12.360279980736493],[-75.15414098581778,-12.395699230035405],[-75.13100998482292,-12.378500105095725],[-75.1401399858716,-12.34140998018637],[-75.0989284847617,-12.285317854934988],[-75.10044710964638,-12.251100605308636],[-75.04935660981965,-12.201342979894548],[-75.04892110952153,-12.167547729943749],[-75.07694535954067,-12.147145730690852],[-75.06516410943607,-12.091917105689845],[-75.0864008594121,-12.053255855273449],[-75.04895248416977,-11.999228104893064],[-74.99775435977585,-12.0210801053625],[-74.93901573478831,-12.018355605626653],[-74.83737360980422,-12.070818479888885],[-74.74450998404848,-12.040899980649556],[-74.71689998424682,-12.05941998034774],[-74.65757285910013,-11.992684105287196],[-74.57117610978958,-11.98710410517026]]]}},{"type":"Feature","properties":{"code":"10","name":"HUANUCO","capital":"HUANUCO","source":"INEI"},"geometry":{"type":"Polygon","coordinates":[[[-76.00249416537338,-8.305226515691118],[-75.94633721249232,-8.3991233365727],[-75.96755473586234,-8.45992572759019],[-75.95453123512834,-8.499486352213353],[-75.9707266105446,-8.512400352394309],[-75.97917386068508,-8.654011726959595],[-75.9216465325614,-8.780808465138534],[-75.92788281923669,-8.844538028007548],[-75.88376730651595,-8.972732545570466],[-75.89186138029845,-9.002018252140601],[-75.8378764970027,-9.061944495741841],[-75.79612727055707,-9.202670438290056],[-75.76379026410939,-9.21709812068167],[-75.76396276666833,-9.237848216921634],[-75.72024249699359,-9.27722754631418],[-75.67045087270958,-9.417935813586894],[-75.49364448580434,-9.377011727709032],[-75.4519679443651,-9.296343675120454],[-75.3721537333081,-9.310229775883386],[-75.33405696755494,-9.288764749193774],[-75.31392881186514,-9.302088699933506],[-75.27969834670131,-9.276941552910273],[-75.271919694838,-9.233415227430783],[-75.21193216243933,-9.176427110322834],[-75.2419018717739,-9.102124907038785],[-75.20645534064141,-9.101338661250168],[-75.20121497129384,-9.063837913089174],[-75.16240119405984,-9.033953458585188],[-75.17386415610588,-9.011575218921166],[-75.1197211647999,-8.983476913328843],[-75.13484527768736,-8.94596926646841],[-75.10841319281457,-8.922291442595963],[-75.12259234845806,-8.880953531879925],[-74.94071210977603,-8.857892602461561],[-74.85219873408425,-8.7630943524224],[-74.84728448409163,-8.661644727322255],[-74.61781585941435,-8.54871935271592],[-74.57757148473621,-8.553792226929659],[-74.54713460907493,-8.584567226995887],[-74.52535123407216,-8.749316226962264],[-74.53217804617987,-8.776133164114185],[-74.61830860965455,-8.83202735218049],[-74.64787498474271,-8.995767602392903],[-74.66916398443033,-9.020256727166156],[-74.6513661097581,-9.04876835217766],[-74.67809373433835,-9.094039102522515],[-74.63653873447498,-9.125511227361187],[-74.58943935933894,-9.303176352606556],[-74.62737398452174,-9.36477547730641],[-74.65431748416455,-9.368774227348695],[-74.7094201096503,-9.422210352425793],[-74.67596148403521,-9.446914477221299],[-74.72882073448926,-9.472412102636383],[-74.75052285934242,-9.52460710303535],[-74.73559373476303,-9.5744452285644],[-74.77248573452897,-9.612379103712613],[-74.76481485921835,-9.635716103415405],[-74.78747798432147,-9.665769728490147],[-74.82188273450055,-9.67718810304848],[-74.81684360914522,-9.736433603028331],[-74.84379885932987,-9.749148478019777],[-74.84707135915585,-9.780477478452838],[-74.81559960933447,-9.795428353135947],[-74.83500260928298,-9.84710597805838],[-74.8823514842336,-9.819738103630527],[-74.98555285917706,-9.864063728558165],[-74.99361598458995,-9.839797228259442],[-75.05778923428568,-9.818918603610598],[-75.09446785910438,-9.844477728264508],[-75.16012498567949,-9.83997460334524],[-75.25465036072552,-9.779002227870478],[-75.31063861068327,-9.77467185372302],[-75.28240798514037,-9.864731352869569],[-75.39959586026072,-9.878455603543216],[-75.40478361027533,-9.93021210350571],[-75.44955173582389,-9.941551603024038],[-75.46777598537341,-9.989058978089304],[-75.54837861048446,-9.984414977968811],[-75.59643336061106,-9.95370810334623],[-75.60207948518007,-10.024774853476686],[-75.64517961025075,-10.026927727932275],[-75.6764687356436,-10.05427535322491],[-75.70942961078788,-10.215070228408251],[-75.8396796107254,-10.25739060349349],[-75.85640036018845,-10.30171085317329],[-75.9249393606629,-10.356720602973382],[-75.92504873531084,-10.406560478583174],[-75.9767358606714,-10.479903103445395],[-76.00311323528751,-10.488806603042235],[-76.01220898565612,-10.454611353531106],[-76.05764061032585,-10.465152353098574],[-76.07826873511402,-10.434153728511717],[-76.12963086077559,-10.430800728570716],[-76.20539648585907,-10.376562478375604],[-76.23088861102053,-10.371790978670674],[-76.22632998623982,-10.3969299787355],[-76.26947686166778,-10.36898822802425],[-76.28528748642833,-10.416419978199372],[-76.3055171117253,-10.412544728456396],[-76.34207998660207,-10.285839978332262],[-76.38721998631326,-10.289289978249826],[-76.42493998649115,-10.319219978019532],[-76.49397611150829,-10.310531228433376],[-76.47280436183178,-10.337767603092345],[-76.4909411118428,-10.378896478089928],[-76.55824373605952,-10.393429728299282],[-76.57810311136944,-10.375503853120279],[-76.59335898662789,-10.401493977864732],[-76.69681998685286,-10.44248635286283],[-76.72739515845973,-10.47897345895791],[-76.77234961184507,-10.464152352848771],[-76.7998533612436,-10.439558478640834],[-76.8056757367458,-10.392298853309399],[-76.83167186176695,-10.393074228093099],[-76.84077148641495,-10.363197228069566],[-76.86585161146269,-10.374843728255428],[-76.91609961110811,-10.224587853446621],[-76.91546486151412,-10.119914103053361],[-76.80718948640566,-10.084478477999312],[-76.82502736112377,-10.009232478496017],[-76.81375786123624,-9.960146478477157],[-76.94136523661632,-9.705912102961122],[-76.9810429862448,-9.724568353546658],[-76.97427736131112,-9.760236353524874],[-77.04865823638846,-9.649505853512267],[-77.02923636146886,-9.612996103387388],[-76.9951601111502,-9.603331977888445],[-76.98024411127665,-9.564031228558292],[-76.95457811119081,-9.559314478680221],[-76.93755073607758,-9.525367228015114],[-76.9532948613687,-9.467478477649593],[-76.9303047364744,-9.43318560223372],[-76.93523623636315,-9.39854885214777],[-76.84594536168908,-9.263474601871337],[-76.81548236162166,-9.326461977638132],[-76.75793736181976,-9.362209352679429],[-76.72596973661399,-9.256153727412539],[-76.73460723653471,-9.208790477698358],[-76.78996048598759,-9.135892727667226],[-76.98017311159975,-9.062987852307515],[-77.0357089863806,-8.999958977324923],[-77.11003711172327,-8.969966852388268],[-77.10572848678021,-8.949191352099149],[-77.1648359866914,-8.889097602572235],[-77.17426361117668,-8.834494102620681],[-77.24816798676312,-8.727308602410005],[-77.26059573610428,-8.648521477384236],[-77.29364261251652,-8.637025351938405],[-77.28871686199352,-8.589769352673443],[-77.31748636220584,-8.530152352648884],[-77.264080039762,-8.46753001439862],[-77.20267998629231,-8.485409977388485],[-77.13384373649922,-8.44002147611019],[-77.13992773647584,-8.48045510232106],[-77.08193773683706,-8.487256352098939],[-77.09165073599263,-8.516981352307539],[-77.04980136104393,-8.553715226976124],[-77.01159761104088,-8.537687477095346],[-76.97730086134561,-8.56059872694965],[-76.95422661116913,-8.545339852452173],[-76.9359719861182,-8.56696685243827],[-76.86470161149015,-8.566349601852608],[-76.84265911122895,-8.525229977281583],[-76.8044498618716,-8.510572727649219],[-76.69707961123504,-8.53249960207495],[-76.54780661178569,-8.49764060253176],[-76.49483786167792,-8.54958785229752],[-76.49250386106428,-8.575760852381393],[-76.46616736153447,-8.569742976856844],[-76.4174962367619,-8.44374822619966],[-76.36670998657661,-8.411540726623173],[-76.33232598645509,-8.431788225945809],[-76.31230711098436,-8.50098422704042],[-76.32508036186914,-8.524324226881504],[-76.30580711160889,-8.57323772703944],[-76.28035861166057,-8.573563977695358],[-76.26406436118128,-8.610300477484998],[-76.25740273654702,-8.706641852639336],[-76.22314445625159,-8.785454180266186],[-76.19858673568928,-8.76973510199332],[-76.20341648538243,-8.75332972768473],[-76.16694636028626,-8.756500977338192],[-76.1394899853745,-8.666639977452974],[-76.10712998506074,-8.648799977636827],[-76.13467998569274,-8.572559977261108],[-76.13066798503945,-8.467876977340609],[-76.10778711068656,-8.399013726302371],[-76.12750335799353,-8.357525803273177],[-76.10697381778743,-8.331771680418683],[-76.04259573580453,-8.341591850883162],[-76.00249416537338,-8.305226515691118]]]}},{"type":"Feature","properties":{"code":"11","name":"ICA","capital":"ICA","source":"INEI"},"geometry":{"type":"Polygon","coordinates":[[[-75.61135911003487,-12.966486231554313],[-75.60864311069099,-13.004055481075568],[-75.6392678601236,-13.03201448168295],[-75.62860823548164,-13.057066731344548],[-75.65799514545955,-13.082327787397446],[-75.68661836014917,-13.04307198168658],[-75.7187682356655,-13.10976473155705],[-75.69399311029377,-13.14662773088503],[-75.70628986078839,-13.187651106413398],[-75.68894936062446,-13.214274106564744],[-75.70648148563203,-13.288286855853642],[-75.78763998529706,-13.334789981372523],[-75.80938861049594,-13.3968463564741],[-75.71882961079785,-13.412576481119686],[-75.68928098562895,-13.439670106390224],[-75.61494548584545,-13.416796231460864],[-75.59897111072814,-13.38998798086061],[-75.53806448558748,-13.40475648112664],[-75.50085448554603,-13.354744106555245],[-75.49980998504276,-13.389079981256089],[-75.46570998542745,-13.434139980875386],[-75.49498998579918,-13.524279981036273],[-75.47731048529062,-13.52548435671764],[-75.51957536051441,-13.603514856025754],[-75.4845621101532,-13.65470848111147],[-75.53120098563693,-13.742710606609137],[-75.55458236058746,-13.749571231427126],[-75.52487848545371,-13.81789935706962],[-75.56338001267738,-13.840860001287979],[-75.55990548554968,-13.871305732573433],[-75.54638998550939,-13.889399982423186],[-75.43351998575872,-13.914069982443664],[-75.32901098576832,-14.018023356992273],[-75.23344273529398,-14.003285232227654],[-75.26012473546814,-14.041961357430637],[-75.16567998554285,-14.072529981973048],[-75.10884173415866,-14.032884732044693],[-75.08850210918496,-14.08156985746291],[-75.06353248473636,-14.088407232108011],[-75.05743335906226,-14.123953731879169],[-75.08872235944926,-14.229822232510003],[-75.03219785904395,-14.26567910720496],[-75.09392685933705,-14.312424482204051],[-75.13982611078637,-14.415908232578829],[-75.05299410939062,-14.431150357203194],[-75.09813773426896,-14.485097232451267],[-75.08667535948024,-14.530205857514261],[-75.06714410901338,-14.52857098266469],[-75.08009010977071,-14.569009982324758],[-75.05990035951396,-14.622617607216739],[-74.95891973445816,-14.606451232238555],[-74.94662835921139,-14.580835232659808],[-74.88294748473857,-14.546198482573857],[-74.85902923431166,-14.608379607133145],[-74.78816623458403,-14.615563232457191],[-74.84857285915007,-14.672183856899437],[-74.82529835963157,-14.736444982050216],[-74.8026999848164,-14.752149982335766],[-74.71569710953395,-14.709776732510136],[-74.76470210941477,-14.790456482580566],[-74.71439685982716,-14.817800982729125],[-74.75458023439029,-14.835289982546612],[-74.69384035974474,-14.838155232477959],[-74.66248610904665,-14.898442608739344],[-74.68548423430991,-14.929469857847607],[-74.6462412340457,-14.977177858171558],[-74.66569373447822,-14.997902357907435],[-74.66529973429527,-15.049905858468549],[-74.92930598398391,-15.192401858359005],[-74.96820073437635,-15.299422233149471],[-75.01655573485925,-15.351096232904752],[-75.04554748452875,-15.430330232853919],[-75.07451560900813,-15.443374983668491],[-75.0819121092564,-15.424009733662217],[-75.19452736074908,-15.368146483173632],[-75.15665876469018,-15.356023057218295],[-75.15177874829055,-15.335451084300075],[-75.16915623577165,-15.30708398303932],[-75.22913473537972,-15.285740233524905],[-75.26381248555771,-15.251183608536678],[-75.21841011043819,-15.24933985804796],[-75.2341698605506,-15.200517608500775],[-75.3168691102212,-15.14993160855687],[-75.37174411010255,-15.151544983314295],[-75.44269336021034,-15.000591858727262],[-75.50314261084276,-14.962382858482101],[-75.49164848548918,-14.9342031084866],[-75.50979098576533,-14.91077148301747],[-75.85556636039917,-14.716281232093138],[-75.85575586014477,-14.694443357275077],[-75.91676561054447,-14.65890623203694],[-75.93045511051491,-14.571275357471734],[-75.97473248501615,-14.524605357351334],[-75.97227923519853,-14.470498106902085],[-76.13651760999966,-14.348810607023836],[-76.1452402352486,-14.330156232424144],[-76.10530473542514,-14.314058607019035],[-76.13802148510342,-14.234206982366288],[-76.22580073611505,-14.150474607716944],[-76.27092573603386,-14.142156357230078],[-76.25321286168418,-14.160456982603591],[-76.27214648657105,-14.20019923250851],[-76.29338086143758,-14.163251981993312],[-76.27872461185132,-14.152429732046471],[-76.29216011179966,-14.089003732636115],[-76.26063286121752,-14.0557676073891],[-76.26262498635401,-14.020232357237433],[-76.28578323680688,-13.99678910713152],[-76.27023423652076,-13.980869107723095],[-76.29536136103792,-13.928367232561698],[-76.28287298659899,-13.909042857641737],[-76.30615436143461,-13.892167982366459],[-76.32807811161553,-13.92488285695822],[-76.39647461181386,-13.908763607354558],[-76.36543948644311,-13.803281231543565],[-76.29641798620105,-13.793277356564715],[-76.31164848618863,-13.847074232090108],[-76.29763673664604,-13.838036982620622],[-76.26301632184573,-13.868990773305484],[-76.25074640442301,-13.853929550008672],[-76.18506636042417,-13.526835981095587],[-76.19326546422974,-13.42343954050233],[-76.24479286100171,-13.323513731173705],[-76.20287998582268,-13.301679981545874],[-76.15525261061947,-13.192200856684167],[-76.01193673569173,-13.085499356310208],[-75.94289686050166,-12.992233105873083],[-75.84965323520862,-13.036180731355614],[-75.82429423579032,-13.030513106694457],[-75.80206248579503,-13.060429730847375],[-75.76458773523575,-13.018236356222815],[-75.69054923565864,-13.03510510621561],[-75.66704861060487,-12.996556231484874],[-75.61135911003487,-12.966486231554313]]]}},{"type":"Feature","properties":{"code":"12","name":"JUNIN","capital":"HUANCAYO","source":"INEI"},"geometry":{"type":"Polygon","coordinates":[[[-75.03563923446308,-10.682317729679426],[-75.01172948442814,-10.679525604523008],[-74.9828176098448,-10.749787104391316],[-74.9564816094387,-10.732823729531447],[-74.88563035935357,-10.770615354415042],[-74.86593623446959,-10.75897210437904],[-74.88753935925399,-10.7107359789822],[-74.87857098436342,-10.700463229194611],[-74.79482685917219,-10.829872354025895],[-74.73316898446103,-10.833917979431135],[-74.69084560923744,-10.886795353922423],[-74.64018298435718,-10.869121229561074],[-74.61410248404235,-10.90462547918247],[-74.56236348398755,-10.913682479562738],[-74.50838373402206,-10.950299729249082],[-74.49647160917738,-11.000238729034095],[-74.4503097341069,-11.001866979477484],[-74.37365473437848,-11.056522354123274],[-74.25643598463296,-11.018222729195543],[-74.20276735962591,-11.02101347928857],[-74.19086998456208,-10.98599710468261],[-74.00720185857887,-10.991308479102997],[-73.97592673383167,-11.125498479071496],[-73.95455148376391,-11.150398853923946],[-73.91648723299937,-11.143101979672565],[-73.88874848355562,-11.170081854194166],[-73.8527069834405,-11.164326229072174],[-73.86189160841099,-10.976781104164559],[-73.82340723305731,-10.921072729522791],[-73.81777310814238,-10.81380610416835],[-73.7818083588686,-10.786179354493584],[-73.78198635808394,-10.750624979359259],[-73.74211610857151,-10.734008229296307],[-73.61039623329947,-10.846573854399821],[-73.56089835817266,-10.859255979679688],[-73.57257710804708,-10.954499979590366],[-73.54257873372154,-11.047424479556014],[-73.48260348336402,-11.065242229245428],[-73.47108098350054,-11.088492604450096],[-73.44981160881866,-11.23676797965851],[-73.48456148372543,-11.350264104504788],[-73.46786885876077,-11.34365122942063],[-73.41974948335195,-11.383938230165143],[-73.47983135823057,-11.469905354448485],[-73.45040223317648,-11.533067604286487],[-73.48712623328902,-11.534915979089135],[-73.50233248305761,-11.563161979441759],[-73.55965098320627,-11.592050978869509],[-73.6125109836949,-11.677914980591822],[-73.57193659469806,-11.74262744220266],[-73.57750510867379,-11.836484730685754],[-73.49053160884665,-11.878170480283416],[-73.4415699832681,-11.941252980040929],[-73.43550698336054,-11.996724980473402],[-73.39788485819963,-12.020943480357289],[-73.40101548367761,-12.090833605186674],[-73.35512948373866,-12.112801105586527],[-73.36483260833819,-12.13759660509919],[-73.44141198317647,-12.15404985571621],[-73.4698652331939,-12.236894479896307],[-73.57432635867445,-12.276842355290398],[-73.59828435823653,-12.385328105207861],[-73.65769448361351,-12.359539479863031],[-73.65991560851847,-12.328747729923748],[-73.70453798364099,-12.26944598004792],[-73.8342235025126,-12.242948605293861],[-73.97222875755108,-12.294334517124241],[-73.98045160885465,-12.242588354868644],[-73.99985048361287,-12.283576855587341],[-74.03978673347092,-12.261408729928917],[-74.09735360928158,-12.28370935540238],[-74.1214394843447,-12.3336014807237],[-74.13115998474547,-12.314605105641078],[-74.1837473593531,-12.316640980097134],[-74.29085048436235,-12.223404980155635],[-74.33035798423356,-12.221926105305442],[-74.3613052341492,-12.15522285495075],[-74.35171585939935,-12.136980230453219],[-74.41030998401851,-12.106485230708756],[-74.41422098451079,-12.076462980282258],[-74.45437573455246,-12.033945980122837],[-74.48761573407882,-12.033712980169867],[-74.57170685908426,-11.984808980450055],[-74.65757285910013,-11.992684105287196],[-74.71689998424682,-12.05941998034774],[-74.74450998404848,-12.040899980649556],[-74.83737360980422,-12.070818479888885],[-74.93901573478831,-12.018355605626653],[-74.99775435977585,-12.0210801053625],[-75.04754235979203,-11.998558980512485],[-75.0864008594121,-12.053255855273449],[-75.06516410943607,-12.091917105689845],[-75.07694535954067,-12.147145730690852],[-75.04892110952153,-12.167547729943749],[-75.04935660981965,-12.201342979894548],[-75.10044710964638,-12.251100605308636],[-75.0989284847617,-12.285317854934988],[-75.1401399858716,-12.34140998018637],[-75.13100998482292,-12.378500105095725],[-75.15414098581778,-12.395699230035405],[-75.18236998538646,-12.360279980736493],[-75.22008461031646,-12.390454605095897],[-75.2155153600458,-12.46342110559948],[-75.32473998576171,-12.48550210493812],[-75.31933911081126,-12.51450285502267],[-75.40944723540156,-12.584730480127519],[-75.41538273572462,-12.628417105265157],[-75.44264523568904,-12.617741479885353],[-75.46079398535409,-12.63138598047857],[-75.46720073582526,-12.683330605123274],[-75.52538961064198,-12.618367229963667],[-75.57961323516264,-12.64148435531871],[-75.57184061055568,-12.564067855547023],[-75.53597398541103,-12.518548105410673],[-75.56694004015071,-12.412200019715101],[-75.54870111006812,-12.364243980075571],[-75.67126214753006,-12.192455466646436],[-75.62752348582018,-12.141740230527148],[-75.63447073513629,-12.1147853553598],[-75.68822186035055,-12.082133480075981],[-75.67388998543441,-12.057919980422696],[-75.6943047352753,-12.042691355521583],[-75.74203948503418,-12.036547105464479],[-75.76566298535846,-12.059627355018392],[-75.81893686014791,-12.013737229889216],[-75.8323672357593,-12.02505273009939],[-75.84254936086427,-12.00645285531499],[-75.92333661049616,-11.984252104950656],[-75.99317973585607,-11.994679730585062],[-76.05258536012622,-11.948236230117857],[-76.05817948499521,-11.87995822998829],[-76.20232773553653,-11.728049230387626],[-76.18941836056882,-11.59040060420449],[-76.2287438610403,-11.55381060397616],[-76.29765036137502,-11.596173854239908],[-76.30436961186808,-11.567527979332738],[-76.35000248682525,-11.542297979568048],[-76.37683911103613,-11.501488604015833],[-76.37740823620112,-11.444220729403071],[-76.39614848616367,-11.442294979629537],[-76.42268361175923,-11.354855478997138],[-76.45097261139688,-11.343904354402412],[-76.47847011140647,-11.29204597923848],[-76.45693248604533,-11.272520604042597],[-76.4907148613018,-11.246595729609169],[-76.5189979865678,-11.116753854606657],[-76.44680661173572,-11.071247354181992],[-76.39234961134542,-11.07042185388542],[-76.31907036170782,-11.090562479574714],[-76.3079003610128,-11.132664104464823],[-76.21462998628482,-11.150310104327787],[-76.25014998663255,-11.105199979195618],[-76.23957036118321,-11.049199104554987],[-76.25966786168243,-11.027401853912409],[-76.27627536131882,-10.918859354075892],[-76.24801561123144,-10.93318160444744],[-76.14750586040708,-11.078722604464588],[-76.09636723515973,-11.120787104441263],[-76.09639648560926,-11.108380854292932],[-76.06695510999032,-11.11447260462694],[-76.06442186008076,-11.095439479648235],[-76.02794723567632,-11.085275354473993],[-76.01138298533647,-11.032494104019634],[-76.04457811049139,-11.024732479020656],[-76.07308198514545,-10.974337853908764],[-76.1228999856458,-10.962109978892386],[-76.08213998557181,-10.895139979726252],[-76.04550998529754,-10.880739979366524],[-75.9947609850314,-10.820957353898734],[-75.93592385999813,-10.889722604014935],[-75.8760699857412,-10.86749522922139],[-75.83696798568394,-10.886036729011778],[-75.78914061025091,-10.82527147909542],[-75.75857023562781,-10.830089854163418],[-75.73280686054812,-10.809264479272258],[-75.69325261031969,-10.817219354189774],[-75.67854873533582,-10.840179604505124],[-75.60662173510497,-10.823115979518775],[-75.58409586003586,-10.801567104538208],[-75.56777098584229,-10.72711997910369],[-75.49024998574822,-10.756829979519921],[-75.47789061006358,-10.78096085396021],[-75.46078898512354,-10.749771479570086],[-75.39481048581524,-10.759140604055574],[-75.39075986017934,-10.832259854408733],[-75.41072198573102,-10.861700604099553],[-75.38572736012952,-10.86493685405253],[-75.36273773525824,-10.850112478907704],[-75.34789061086298,-10.800290979145302],[-75.2838906101635,-10.841451104684666],[-75.24795898561865,-10.803101479249847],[-75.24390036051318,-10.7638808541181],[-75.18994898505758,-10.780401979267879],[-75.17664586081776,-10.749901729281362],[-75.15707998555285,-10.761980479615374],[-75.06507285972464,-10.652894478996984],[-75.03563923446308,-10.682317729679426]]]}},{"type":"Feature","properties":{"code":"13","name":"LA LIBERTAD","capital":"TRUJILLO","source":"INEI"},"geometry":{"type":"Polygon","coordinates":[[[-77.779299861999,-6.941452724963256],[-77.73998011269202,-7.035422100449523],[-77.70700598783606,-7.068524849941809],[-77.71337861263282,-7.1078871003093695],[-77.6155042378303,-7.177997225391607],[-77.60553023743046,-7.219161850239175],[-77.64735061284046,-7.241514350406874],[-77.6309177372637,-7.413874601531575],[-77.52138873779995,-7.509552601671203],[-77.5400672376129,-7.577413601456499],[-77.49694473740965,-7.582741476637807],[-77.48576361210098,-7.603992226360106],[-77.52838873774999,-7.615950101515921],[-77.53839136267123,-7.650227976240046],[-77.51160248706509,-7.65740497625859],[-77.49788961281536,-7.686354851695],[-77.46716836252989,-7.674677851002002],[-77.45923748781979,-7.686904225949206],[-77.52546873709252,-7.768341850895638],[-77.44286111215058,-7.8136417266842955],[-77.41078448731417,-7.900524725935327],[-77.37690923727143,-7.908821351324264],[-77.40712961284135,-7.991985600854775],[-77.37493636212338,-8.031527226400328],[-77.38547261237113,-8.055386725916605],[-77.29666423746454,-8.062565726027401],[-77.23186523679118,-8.01174810119386],[-77.02445898649302,-8.049150351107755],[-76.98491486173145,-8.113853475957114],[-76.907276236609,-8.169443726446787],[-76.92559673610043,-8.218497350871985],[-76.90124323628629,-8.283466351291054],[-76.92700473627951,-8.359257101633887],[-76.96837261150677,-8.371241476213129],[-76.97689861168152,-8.39613872592139],[-77.00042923632014,-8.382403476539139],[-77.03401173635251,-8.404706976245905],[-77.06987698643371,-8.397496101463844],[-77.10458898639257,-8.4447634762534],[-77.13384373649922,-8.44002147611019],[-77.18553998638123,-8.480189977685257],[-77.2638399864262,-8.467419976950339],[-77.29337998709667,-8.517119977405002],[-77.33434361256764,-8.533184352176079],[-77.39953436242087,-8.48340672763834],[-77.40546061231737,-8.44148335107576],[-77.43835548711598,-8.422328100861137],[-77.4913684874657,-8.282553101444421],[-77.52768998700327,-8.267079976060018],[-77.53116998740495,-8.243339976658547],[-77.57497998783612,-8.230939975899105],[-77.55699998785911,-8.194249976455183],[-77.63666336282392,-8.108586100867797],[-77.61882998741396,-8.079829976272322],[-77.64741111203318,-8.049707476618721],[-77.78578486248136,-8.07919885094617],[-77.89562561283174,-8.061949101369862],[-77.93320998715114,-8.19700995894243],[-78.01862998728404,-8.224319976385743],[-78.11942998710418,-8.313649976065506],[-78.10838998700825,-8.338109976294334],[-78.13749998763427,-8.36866997633831],[-78.15738998755785,-8.478849977044774],[-78.21688998758282,-8.557259977665808],[-78.1935299877187,-8.600109976993792],[-78.20500998742096,-8.630589976945828],[-78.24612998700928,-8.658359976931365],[-78.35480998779065,-8.673279976989306],[-78.43841436373185,-8.732746602273835],[-78.55160623803744,-8.775037601903762],[-78.58828111358247,-8.858677477683386],[-78.57648473867971,-8.889046602018993],[-78.58994361380667,-8.94262235223971],[-78.64492386314572,-8.96922847751216],[-78.6516621136156,-8.914355477723063],[-78.76115823836199,-8.773956977432533],[-78.7373593630441,-8.711523352021004],[-78.76108598862743,-8.594847477129292],[-78.9344804879841,-8.43704497644444],[-78.90522661381715,-8.420718726288158],[-78.89540823839945,-8.38288872643352],[-78.99360029331882,-8.23575946702573],[-78.98423463751845,-8.212591775490012],[-79.11556636359677,-8.096662101374818],[-79.13007811371392,-8.05984960167774],[-79.30785548873979,-7.925431601087496],[-79.37448436336263,-7.844435601721614],[-79.3895683637889,-7.791214851684003],[-79.46545511406225,-7.716572226227186],[-79.43770111481456,-7.698314476032181],[-79.43771873972804,-7.671349601303007],[-79.57661136482261,-7.461509726192844],[-79.5886367394939,-7.414902351262469],[-79.5697593258322,-7.390007095351109],[-79.59918548941874,-7.286630849933715],[-79.69062111407311,-7.177126975729323],[-79.50801636446363,-6.970435975140106],[-79.46878748985074,-6.96650485051839],[-79.45500536420616,-6.946313600192468],[-79.40076173876321,-6.956927725434127],[-79.32258598815281,-7.025683600117986],[-79.33048836334723,-7.075973349890148],[-79.29618998857705,-7.129619975681294],[-79.3053012387611,-7.147146225417941],[-79.25180373855164,-7.198348600007819],[-79.27555286337389,-7.215539225454847],[-79.26891998826682,-7.2784099753400255],[-79.30684998823631,-7.283709975135196],[-79.36648411315127,-7.3314393505455655],[-79.31579761306932,-7.359554100241496],[-79.2829021132419,-7.348743474931382],[-79.23147236305908,-7.390929726026002],[-79.19444273824172,-7.373373724917428],[-79.15449223862589,-7.4391348508926285],[-79.06542811361652,-7.472708601420777],[-79.07155186362758,-7.505345726024416],[-79.03860423819498,-7.562062476302174],[-79.0412324879889,-7.599887475926209],[-78.99339861315542,-7.660539851033263],[-78.95353998827977,-7.649799976287852],[-78.91277398882846,-7.5510866014654425],[-78.85108798871966,-7.522117226029138],[-78.88668523813317,-7.484101601607563],[-78.7943547385803,-7.397224975851884],[-78.78128748852674,-7.423668726730284],[-78.76011998814687,-7.401979976594589],[-78.73371998838672,-7.4206799764996845],[-78.66399373802057,-7.403621350844617],[-78.62779473873616,-7.452641851440262],[-78.650242363794,-7.527798601324321],[-78.62456998841418,-7.548559975962064],[-78.49138998825731,-7.554869976468183],[-78.41562998843318,-7.485069976298348],[-78.32778711218543,-7.497468726100806],[-78.36082723828639,-7.529961351235329],[-78.35679223837104,-7.574006101700206],[-78.38281923801736,-7.630107101461533],[-78.34796498779389,-7.685716476034486],[-78.27620698726264,-7.719557976319493],[-78.28115611206488,-7.747277601679912],[-78.22182036241975,-7.763460976542774],[-78.21935073774631,-7.724458101560117],[-78.17134511218711,-7.7133938512452005],[-78.1283842372427,-7.653224225917256],[-78.08122111276413,-7.696168851011635],[-77.9628022375332,-7.674313601291601],[-77.91313786282205,-7.625865851028152],[-77.92241998779218,-7.599739976318801],[-77.86793998724056,-7.583029976452224],[-77.85685998709869,-7.523529976427199],[-77.74598273751326,-7.479159726240312],[-77.77163073766837,-7.4188141008900175],[-77.82499573716348,-7.378663851055819],[-77.83282786271565,-7.3045509748475865],[-77.85681086253123,-7.282620975277723],[-77.84923961231823,-7.235571475643042],[-77.88200973765925,-7.22054960038372],[-77.89786898786343,-7.1668072255729385],[-77.92561248752622,-7.154573100268294],[-77.92974023722212,-7.10554672530111],[-78.00107398707479,-6.9866107255045335],[-77.98605998717863,-6.962969975284068],[-77.92865023731855,-6.9867593501638225],[-77.88034173718137,-6.962503850372343],[-77.84219498710894,-6.976884849855878],[-77.83434598757725,-6.957205725663641],[-77.80193198747122,-6.96614447508739],[-77.779299861999,-6.941452724963256]]]}},{"type":"Feature","properties":{"code":"14","name":"LAMBAYEQUE","capital":"CHICLAYO","source":"INEI"},"geometry":{"type":"Polygon","coordinates":[[[-79.90109761476305,-5.480869099529286],[-79.85399611452902,-5.5307440990608825],[-79.86441986408545,-5.563419974552119],[-79.83345898944077,-5.64522072415707],[-79.7664299893525,-5.6617199741974105],[-79.75250363673342,-5.691259353436351],[-79.76641636462347,-5.7082524742722285],[-79.71693748947354,-5.7400058494903305],[-79.73601940357258,-5.83008108407472],[-79.68903998900424,-5.8479599741734205],[-79.66270098935911,-5.834746099552831],[-79.61249741352475,-5.940837479166305],[-79.55379998917812,-5.938309974125957],[-79.48392442707063,-5.88810862411367],[-79.42369529360286,-5.927275387948725],[-79.33543748814952,-5.893968724377089],[-79.42050998844519,-5.9720999747340215],[-79.41721111330219,-6.00523834907051],[-79.39591786341862,-5.977193098982298],[-79.34901761347203,-5.9796878489150345],[-79.31700973820881,-6.04289647409297],[-79.32214111332166,-5.999126099589773],[-79.30040461368196,-5.985154349193806],[-79.22493861302655,-6.054705849595223],[-79.2039599882628,-6.02405997418839],[-79.1755996130317,-6.041376974167974],[-79.18191673886639,-6.089338724502511],[-79.23509336366777,-6.093722724324209],[-79.27338361316316,-6.147727724554784],[-79.2491028631066,-6.224439349196587],[-79.27904836359107,-6.229257724264528],[-79.30048748800715,-6.267469724648038],[-79.3290348637679,-6.26627022419143],[-79.3527729880829,-6.303981724876678],[-79.42265773856377,-6.310430100468693],[-79.45857086405408,-6.372099100692878],[-79.42288823840147,-6.451881974873174],[-79.42194373801306,-6.533363475044268],[-79.36961336356586,-6.520802849971517],[-79.33573611343087,-6.602429475539793],[-79.36249636361623,-6.634765225634624],[-79.30402336328757,-6.651605350206694],[-79.2955899887869,-6.676136225106632],[-79.22906036334507,-6.671405975505309],[-79.18842998885287,-6.716539974939849],[-79.14272661334252,-6.699895350390079],[-79.12088386329964,-6.777674600702198],[-79.31100886346826,-6.901341725140469],[-79.29665223831012,-7.00073822498905],[-79.32090723807852,-7.025193975021864],[-79.40076173876321,-6.956927725434127],[-79.45500536420616,-6.946313600192468],[-79.46878748985074,-6.96650485051839],[-79.50801636446363,-6.970435975140106],[-79.69062111407311,-7.177126975729323],[-79.68619536412473,-7.120455100722268],[-79.93184573948923,-6.873306475513402],[-79.94249798969042,-6.820183600492726],[-79.99593548983097,-6.739050725210745],[-80.19039436430842,-6.5982148504349425],[-80.62713286518954,-6.372080100716005],[-80.42451201361848,-6.02767765450011],[-80.38815384962044,-5.996126001713549],[-80.32802004428959,-6.005790012998659],[-80.34954004473724,-5.977960012944209],[-80.2874251147772,-5.920739559582955],[-80.17097895641365,-5.87993871230168],[-80.1238476148755,-5.891310599104827],[-80.05599998980762,-5.816351599346774],[-80.09236894027435,-5.795091265549445],[-80.10293466310418,-5.761498076175201],[-80.09517055237905,-5.702607988267971],[-80.0610667396383,-5.684399609054651],[-80.05065228727318,-5.540614493064368],[-79.93873636479134,-5.516664099068862],[-79.90109761476305,-5.480869099529286]]]}},{"type":"Feature","properties":{"code":"15","name":"LIMA","capital":"LIMA","source":"INEI"},"geometry":{"type":"MultiPolygon","coordinates":[[[[-76.79756347867158,-12.476967490157506],[-76.79723732064582,-12.477059584332324],[-76.7975913126889,-12.477166720567652],[-76.79756347867158,-12.476967490157506]]],[[[-76.80284344157155,-12.47559106067888],[-76.79733948273088,-12.476030547671598],[-76.79993053116903,-12.479288508158106],[-76.80284344157155,-12.47559106067888]]],[[[-76.78144723640082,-12.408966853537436],[-76.78143936103766,-12.409248105715449],[-76.7818222366069,-12.40919335498927],[-76.78144723640082,-12.408966853537436]]],[[[-76.9048259860304,-10.277259728353727],[-76.86585161146269,-10.374843728255428],[-76.8404979863929,-10.363331977988366],[-76.83167186176695,-10.393074228093099],[-76.8056757367458,-10.392298853309399],[-76.7998533612436,-10.439558478640834],[-76.72878323685688,-10.476462853078147],[-76.70371970160289,-10.5885935489531],[-76.68586230799906,-10.581457150626932],[-76.65565536110597,-10.646781854498954],[-76.67095386153147,-10.677813979731354],[-76.63348648631228,-10.784528478906111],[-76.58387761146258,-10.853608729159475],[-76.56502123654082,-10.9639322292889],[-76.57894598656799,-11.014776979473993],[-76.53299023611049,-11.03412697967633],[-76.4912128617841,-11.089441354135147],[-76.51922661131903,-11.118089854163372],[-76.4907148613018,-11.246595729609169],[-76.45693248604533,-11.272520604042597],[-76.47847011140647,-11.29204597923848],[-76.45097261139688,-11.343904354402412],[-76.42268361175923,-11.354855478997138],[-76.39614848616367,-11.442294979629537],[-76.37740823620112,-11.444220729403071],[-76.37683911103613,-11.501488604015833],[-76.35000248682525,-11.542297979568048],[-76.30436961186808,-11.567527979332738],[-76.29765036137502,-11.596173854239908],[-76.2287438610403,-11.55381060397616],[-76.18941836056882,-11.59040060420449],[-76.19894948533044,-11.736476855522426],[-76.13732761048078,-11.78051135551459],[-76.05858748582375,-11.879406355618755],[-76.05258536012622,-11.948236230117857],[-76.01425411053873,-11.984329729933052],[-75.8842884852254,-11.993630854879996],[-75.83356048502833,-12.024702105118024],[-75.81893686014791,-12.013737229889216],[-75.76566298535846,-12.059627355018392],[-75.74203948503418,-12.036547105464479],[-75.67388998543441,-12.057919980422696],[-75.68822186035055,-12.082133480075981],[-75.62701498575296,-12.134827730115603],[-75.67126214753006,-12.192455466646436],[-75.54870111006812,-12.364243980075571],[-75.56694004015071,-12.412200019715101],[-75.53597398541103,-12.518548105410673],[-75.5793787351405,-12.595081229914797],[-75.5780267357452,-12.65354910500713],[-75.55145498525934,-12.683992605074593],[-75.57711711016645,-12.715701230027719],[-75.50749998533604,-12.777154856111679],[-75.53022861076175,-12.821619231142563],[-75.56033211043848,-12.817399731712214],[-75.57041111028445,-12.842858856251155],[-75.61271436047929,-12.859151856672781],[-75.63633636073445,-12.915031481117921],[-75.61407536028963,-12.964552106394535],[-75.66704861060487,-12.996556231484874],[-75.69054923565864,-13.03510510621561],[-75.76458773523575,-13.018236356222815],[-75.80084173525785,-13.06033398092842],[-75.82688861082067,-13.029410106191392],[-75.8522181106772,-13.035311980863185],[-75.93768286017581,-12.991324856257052],[-75.95752986081436,-12.999129106423084],[-75.96861386024142,-13.04083635611289],[-76.01193673569173,-13.085499356310208],[-76.15525261061947,-13.192200856684167],[-76.20287998582268,-13.301679981545874],[-76.24279886167807,-13.323099605962],[-76.49039071865673,-13.030223712953955],[-76.51646286157177,-12.95540235623372],[-76.51947848624309,-12.850451231539068],[-76.63785736142808,-12.745160106453682],[-76.63009761151551,-12.721035105485669],[-76.65638086128769,-12.699078105570095],[-76.67258986143293,-12.627546855602873],[-76.73437898680078,-12.548222605089109],[-76.80392053530443,-12.508980191182843],[-76.77504098685205,-12.437871105467082],[-76.77852397210359,-12.391714857454645],[-76.85529098599017,-12.3001856052814],[-77.03784373679895,-12.205646480500604],[-77.02986472137974,-12.135220449663962],[-77.11149184876979,-12.079513759452368],[-77.07794677582302,-12.046621231884274],[-77.09629531887384,-12.033643509340436],[-77.08930654336223,-12.011723150502974],[-77.1180465206304,-11.994862423362122],[-77.12859179917217,-11.938066405939821],[-77.09524411122669,-11.949659130264592],[-77.09243412733309,-11.883081972055322],[-77.12684432020916,-11.818483511205045],[-77.18815623652108,-11.828425730463039],[-77.17797661153134,-11.802115230333584],[-77.19826740241865,-11.768205105481172],[-77.17656420377494,-11.773753759728208],[-77.16979128354086,-11.738685567085213],[-77.20784173600725,-11.648087854271012],[-77.28279322552692,-11.586818308617978],[-77.2713984401858,-11.572011726559879],[-77.30072073747203,-11.517960979615452],[-77.36049611260546,-11.460234354531792],[-77.6483457378655,-11.30273822948567],[-77.64714848751265,-11.2217343538573],[-77.60171286265847,-11.214019479215551],[-77.59234961254452,-11.182080104413217],[-77.66187498764054,-11.01347660386216],[-77.64682423784825,-10.998193354139914],[-77.65782811217758,-10.946505854661439],[-77.7059569871252,-10.85358010463807],[-77.75082611283483,-10.818806604541123],[-77.76242186247896,-10.762816354491122],[-77.88627736251021,-10.612548854146269],[-77.8396884362723,-10.56791882399449],[-77.79968336219736,-10.585323228184393],[-77.77137648763477,-10.571614603231296],[-77.7706698624242,-10.51567185357311],[-77.7988408620161,-10.477335352844193],[-77.74987161198527,-10.4067961036572],[-77.75250745475518,-10.3218954530127],[-77.69239061243678,-10.320902478266703],[-77.65125361206452,-10.344611228025713],[-77.63062873742626,-10.322069603129648],[-77.59775773782928,-10.38104922843911],[-77.68673611248158,-10.434020728673659],[-77.74479473938567,-10.560781243959184],[-77.66924298747387,-10.540567603212253],[-77.6247419030164,-10.502034568240674],[-77.60132286445861,-10.509303710997415],[-77.64533670972133,-10.582856219638757],[-77.61950846384451,-10.614245597855984],[-77.60494036220791,-10.590129353586747],[-77.57425136251032,-10.588413353593353],[-77.59058111462667,-10.645564024959754],[-77.56314383142262,-10.709428115614969],[-77.59119183253699,-10.786449562996893],[-77.52394711206955,-10.734982104240657],[-77.4914754870041,-10.74603797916933],[-77.4154299875039,-10.729979979692246],[-77.38565755705059,-10.707792955680304],[-77.40379398780226,-10.690967729277247],[-77.3953099877657,-10.661539979286545],[-77.31062998758381,-10.567689978010037],[-77.25223998658606,-10.545269978326814],[-77.1909899867984,-10.552129978115943],[-77.16730998656658,-10.508139978377244],[-77.17462473664222,-10.4646016028816],[-77.07161148638096,-10.338103853310145],[-77.02471148644588,-10.327526602970295],[-77.00362523621561,-10.282123103698211],[-76.96545148669674,-10.305378603239888],[-76.9048259860304,-10.277259728353727]]]]}},{"type":"Feature","properties":{"code":"16","name":"LORETO","capital":"IQUITOS","source":"INEI"},"geometry":{"type":"Polygon","coordinates":[[[-75.18359648528951,-0.03860596899022539],[-75.01689060911428,-0.14568559471439357],[-74.97280073426646,-0.15352534471884383],[-74.95861598483981,-0.19384221914305044],[-74.9282588592589,-0.22021471943372717],[-74.910676484632,-0.20354584466497272],[-74.89228810970843,-0.2368963438910896],[-74.84808723423845,-0.23358409403067526],[-74.80898235904857,-0.1890214689655636],[-74.78245735981926,-0.2013574694715885],[-74.73147460956557,-0.2900629691306449],[-74.72667973468197,-0.34356059434588815],[-74.68191598433515,-0.3304218445924221],[-74.68386548430459,-0.35926034438932675],[-74.66130873461037,-0.37433009415849483],[-74.60933598456802,-0.3513945940852068],[-74.61505298470746,-0.3775063440425015],[-74.57622223456843,-0.39227596936046893],[-74.52794723417747,-0.4667460940569299],[-74.49896798418507,-0.46161634401903484],[-74.49756398419049,-0.4883387192564328],[-74.47640235908159,-0.4741034692996209],[-74.42295198424665,-0.4989244690889336],[-74.42397485965199,-0.5534600945077273],[-74.39450560954623,-0.5419827190272031],[-74.38772335974522,-0.5907098445836141],[-74.36093323408147,-0.6238233445716332],[-74.37282610983704,-0.6528867189468883],[-74.33756860900405,-0.6829348446672725],[-74.37555660984964,-0.7169883439368618],[-74.3725898597342,-0.7347949690125688],[-74.34428323428381,-0.7590293446285159],[-74.31255273422124,-0.7562675940741315],[-74.31665823468973,-0.7930273440366591],[-74.28334185933932,-0.7778593442333204],[-74.28492773462722,-0.8248437194620237],[-74.24533010919714,-0.8184023441928048],[-74.26917185969353,-0.8792909694026889],[-74.30546485971547,-0.865167969226377],[-74.31995310964822,-0.8796464696088151],[-74.27829685961234,-0.8998554689546836],[-74.26721773451078,-0.982355720240264],[-74.06391685967532,-1.0529530953090784],[-74.02276873378997,-1.0048798452286292],[-74.01096898373157,-1.0928117201846703],[-73.98803698381971,-1.1031622199604385],[-73.96166985877693,-1.0826269699586533],[-73.96165435806216,-1.1290683453278234],[-73.90947023316471,-1.1216409704543935],[-73.85713285839466,-1.2317793451406374],[-73.78815423333117,-1.2396797202428615],[-73.77433010844771,-1.2590918456121472],[-73.74512498383092,-1.1996620952294847],[-73.73231448302693,-1.2456328454794061],[-73.68093160820712,-1.238021470214619],[-73.64701173380445,-1.267189469918037],[-73.62109373378877,-1.2595957204660522],[-73.61080110808462,-1.3190258449667454],[-73.56978510879571,-1.3224257202707008],[-73.57915660839075,-1.3595775953297107],[-73.55021685842127,-1.4068808449749781],[-73.58535835840149,-1.4230679700107771],[-73.53432423347658,-1.4328457203536686],[-73.52630660836326,-1.468003845201224],[-73.48901073385827,-1.4830418453048537],[-73.4902989830116,-1.5692965952616191],[-73.45734810832852,-1.5743219699828614],[-73.50366198321393,-1.6225774703739262],[-73.53666985872695,-1.6859092199345014],[-73.52953148369096,-1.7072672201060755],[-73.45928160845943,-1.7363965957262621],[-73.4315928586235,-1.7887019699199413],[-73.38333735823244,-1.774710720423343],[-73.31738285823229,-1.8261895951736165],[-73.29459298357926,-1.7765380951569227],[-73.24986198384346,-1.780387720516842],[-73.25678810808466,-1.8025218455067034],[-73.23434510824012,-1.801722345509802],[-73.2208678581651,-1.748669845137215],[-73.18602923366217,-1.8079184702611428],[-73.14728535803283,-1.8026859699814963],[-73.15028348369577,-1.861363469848186],[-73.10745323347993,-1.8860623453009566],[-73.1233717337185,-1.9812169705866722],[-73.12031535806727,-2.013163721628416],[-73.09373073378629,-2.0354575958912733],[-73.10674998342495,-2.0749512210219905],[-73.06978510799632,-2.087880846024177],[-73.1141882337999,-2.1308742215680354],[-73.13003510843345,-2.1815975965517964],[-73.17046248345679,-2.191607720919535],[-73.16766623311014,-2.229018096208108],[-73.11767573364813,-2.287005846642444],[-73.12292835805727,-2.323943596719573],[-73.0682988587053,-2.3151405963614025],[-73.06235548301908,-2.3589687217290702],[-73.03379660852664,-2.3146500962249092],[-73.0048846080382,-2.3576090960828537],[-72.96449898224222,-2.341154221290253],[-72.95173435765446,-2.400958970979673],[-72.92263085732816,-2.4194960964676397],[-72.93380398226793,-2.4548685963086427],[-72.85179885723142,-2.435783221618351],[-72.7764512325383,-2.3843672211702938],[-72.74579498255235,-2.4267655962552226],[-72.72692885718095,-2.390906096439153],[-72.70775410786575,-2.389072846434658],[-72.68128760773686,-2.451664221026931],[-72.63731523201233,-2.3887894709572493],[-72.64079873257543,-2.363262595991955],[-72.61969723254123,-2.3562812210014954],[-72.51699060703083,-2.426365971712187],[-72.42815435763748,-2.4374335962833698],[-72.40865860700904,-2.4144933459911044],[-72.37176735727769,-2.4891894712170597],[-72.25955198213825,-2.4585229716577714],[-72.24854460764749,-2.4306618460672667],[-72.22036223253099,-2.448350721108852],[-72.16946810776693,-2.431901971598677],[-72.16635323211591,-2.464412096640899],[-72.14982073234091,-2.470022846377219],[-72.14528073251972,-2.4062485961957236],[-72.04874123222203,-2.3349360964236894],[-72.010109357261,-2.3689512216215576],[-71.94978210775804,-2.356358595972381],[-71.9224374826037,-2.3781523464535894],[-71.93491423240584,-2.3123495962568086],[-71.88475585649752,-2.3115937214730025],[-71.83276948172619,-2.1904159717196876],[-71.79913285599645,-2.2043690962567553],[-71.73248248128147,-2.140142595904024],[-71.72299998106422,-2.226552721730684],[-71.64768160682064,-2.2000565961349707],[-71.58716273157478,-2.238281721224382],[-71.51889185677373,-2.2489693462582636],[-71.50046310678692,-2.3522093461843383],[-71.47938398098592,-2.340064221386683],[-71.49480598171067,-2.2779957216251887],[-71.45825498148218,-2.2741497214324227],[-71.39639573147781,-2.347114720967568],[-71.39471573134591,-2.407033096400255],[-71.32074348122666,-2.3777734710687923],[-71.30709435631945,-2.3474159713699123],[-71.27218698134408,-2.3334530963832663],[-71.26810785619256,-2.3577707213416943],[-71.23476935662046,-2.336747721330255],[-71.17577985675496,-2.3790287213982992],[-71.16683735625895,-2.337767471591519],[-71.13032248179707,-2.337494846609843],[-71.14337685625685,-2.301594846724754],[-71.11992810679664,-2.2805037212696675],[-71.0533294817701,-2.2706198464287013],[-70.99614423147108,-2.303487595875822],[-71.01843748160445,-2.2374414711469512],[-71.00461610684783,-2.2088063467354573],[-70.97270110637095,-2.214222596495574],[-70.93734760650682,-2.254484346075685],[-70.87938673141247,-2.22089259651608],[-70.85496485614317,-2.2370117211140155],[-70.8359531053515,-2.2908145960167303],[-70.77776185542524,-2.2929902215214497],[-70.75123635527353,-2.32826959656461],[-70.66592385560142,-2.3537734713685836],[-70.67843548021318,-2.4021387214248193],[-70.62785060532116,-2.3950297209448195],[-70.64136523032107,-2.45550972119662],[-70.62722648031774,-2.4763820964565184],[-70.55435023037882,-2.467748346708788],[-70.5575937306661,-2.4430819709561433],[-70.5964199805976,-2.4259120964660497],[-70.55870898083475,-2.419980471321651],[-70.51055273052407,-2.4717558462552347],[-70.4692807302215,-2.4558848464084804],[-70.42861910518752,-2.5248749711029745],[-70.36200673042623,-2.489869471099155],[-70.30097760503241,-2.502577346667181],[-70.30179685504078,-2.5282207216089887],[-70.35211135505494,-2.5435390961523012],[-70.35651085559147,-2.5642138462919206],[-70.31786848014622,-2.5785393459140096],[-70.26787448052283,-2.543603096405718],[-70.24531123052884,-2.5504157217081342],[-70.21682810503296,-2.648523471480985],[-70.19630473057879,-2.6589824708643164],[-70.16615960578116,-2.6363910963719377],[-70.16206185567006,-2.6878490960588692],[-70.14054660544144,-2.700538971696119],[-70.11843160543418,-2.6986328460289997],[-70.08494423029197,-2.6490313465193935],[-70.06603935583155,-2.684095596534519],[-70.07360860505304,-2.7906620960788473],[-70.71347460586833,-3.794226597479451],[-70.68519073056774,-3.793339597044735],[-70.61901998048768,-3.8400599726895166],[-70.57727473084412,-3.82801034689993],[-70.51063073052376,-3.8754663472940365],[-70.3540644801916,-3.7992870970218746],[-70.29227535572306,-3.8211913472028414],[-70.25351948043965,-3.8844999724956892],[-70.18669923008537,-3.9183457220773903],[-70.17428110528874,-3.9700560976107795],[-70.11440410586476,-4.049547846855603],[-70.06778160523686,-4.075982097295935],[-70.0340794800839,-4.134412722469108],[-69.95568948038516,-4.207642598427128],[-69.94959185567956,-4.27938272313412],[-69.98036298056707,-4.340416223729676],[-70.03999698047625,-4.375350473145772],[-70.04295560521695,-4.332185348674841],[-70.0790764803952,-4.312057598579258],[-70.04026898042906,-4.294787973086443],[-70.09604235537034,-4.28776547299816],[-70.11209885567763,-4.256716597892648],[-70.12099223070686,-4.285418848600955],[-70.15638673066303,-4.274740973117389],[-70.17063373026241,-4.305227848386437],[-70.15260923003189,-4.330033723377596],[-70.19365060549103,-4.3608670984377795],[-70.213791230281,-4.298446348620018],[-70.22542085558797,-4.317035847925979],[-70.25995748055323,-4.308601598384996],[-70.25219723061764,-4.271197723396199],[-70.29091548006534,-4.287233098628576],[-70.28434223000988,-4.272510223667837],[-70.30947523069727,-4.251184348179095],[-70.27919660513919,-4.232713723059817],[-70.28565085510286,-4.1704015978554025],[-70.32152123042039,-4.142680847443103],[-70.33853448078162,-4.179146223219561],[-70.37681398068065,-4.135007096999857],[-70.43282060558641,-4.131289222319708],[-70.4349026053709,-4.1627278483114765],[-70.46491360527864,-4.175874348422383],[-70.48522822999877,-4.160794598192126],[-70.50557260519156,-4.199133598136996],[-70.50824948042913,-4.151187597629473],[-70.55110948021832,-4.136315847098615],[-70.54101073036088,-4.154795598537987],[-70.57189123079564,-4.211251223465126],[-70.56618935545436,-4.172929848433739],[-70.61624348015243,-4.193481348285559],[-70.63110660528554,-4.183600723594452],[-70.62249335558386,-4.12644109767848],[-70.64803323024933,-4.130347597063917],[-70.65018435552355,-4.164125723023631],[-70.6699338552632,-4.144376222384722],[-70.68227735521572,-4.206926223666244],[-70.7606427305775,-4.159082473377396],[-70.84470523106154,-4.2184667234604944],[-70.81594348030734,-4.227449223103122],[-70.83438435585327,-4.254099098594452],[-70.86388960671991,-4.2506489736711615],[-70.84625185633809,-4.279381098059162],[-70.87661973151535,-4.291456723249155],[-70.87638185633756,-4.321646098288738],[-70.90005385620049,-4.325880723416617],[-70.91543473182736,-4.360014848706271],[-70.93351860619867,-4.3560590979489575],[-70.93803960604293,-4.383095723288932],[-70.96903210624669,-4.377593223148665],[-70.99449235673683,-4.344756598338279],[-70.99651485647541,-4.385802348099844],[-71.03999948129098,-4.399186723388539],[-71.05067735677454,-4.367480473544958],[-71.07841548118944,-4.394354598585835],[-71.0910308560891,-4.372502723122125],[-71.11504173129083,-4.408139473457879],[-71.14764035681696,-4.380775723320937],[-71.14978185664734,-4.402250348474752],[-71.1818867309878,-4.3938954730975865],[-71.19368885615575,-4.423067597991235],[-71.20139835644898,-4.378238598232656],[-71.22240898178904,-4.406173473626836],[-71.23026323156284,-4.383066473738722],[-71.2692057314593,-4.383757473228741],[-71.27956360657515,-4.396917348057116],[-71.26067073176881,-4.394228598171196],[-71.26086110655478,-4.425113972931456],[-71.2748047315531,-4.43848659857764],[-71.31911023145199,-4.4178090983111815],[-71.30085985659707,-4.444435348612387],[-71.30821235661494,-4.462257348497815],[-71.34590298133747,-4.425542222895217],[-71.39061310601,-4.4272317234652405],[-71.41638260637217,-4.462281223699449],[-71.43360998171522,-4.475962973312505],[-71.41225248156672,-4.4353913479322955],[-71.43629460641091,-4.4276850986883005],[-71.43817248167466,-4.449054098467798],[-71.47768498177646,-4.43354959843515],[-71.48261410655573,-4.4565970982774274],[-71.50687473158354,-4.437348598259177],[-71.49397210602785,-4.4852014730694805],[-71.53727735656469,-4.463084097952731],[-71.53624398157444,-4.481692848146395],[-71.55837460640294,-4.477603598427265],[-71.56692573183699,-4.505757223117314],[-71.60281535624364,-4.528454222983953],[-71.63345560639107,-4.512332848282256],[-71.61251298148886,-4.482880723066842],[-71.61617385623845,-4.466980348664094],[-71.64790535634705,-4.502731973002085],[-71.65428760658773,-4.471138472962139],[-71.65793460659677,-4.5009360979225335],[-71.70679598114958,-4.509887722939993],[-71.75072560670134,-4.467422473368401],[-71.7676481064749,-4.503698973528742],[-71.78532885614175,-4.482317848190121],[-71.7833688565874,-4.496598348434986],[-71.79379873142625,-4.4836543486692335],[-71.80653548152719,-4.504389598001524],[-71.8321197314404,-4.4958387234782435],[-71.83015798180537,-4.5144328479975115],[-71.83913735630392,-4.504527848081693],[-71.86499785636596,-4.526451098239534],[-71.90548773157349,-4.514750348249947],[-71.88458660678646,-4.53708822364257],[-71.91818310746442,-4.528854848472406],[-71.9191086078759,-4.56344597325301],[-71.94999760780331,-4.5802857237071635],[-71.94653010707873,-4.607831473243834],[-71.9937337325257,-4.609019473170122],[-71.98120410708384,-4.62601122343915],[-72.00598710781873,-4.6452822235957],[-72.0424432322693,-4.622902973093687],[-72.03793973233275,-4.642823223512892],[-72.0681931076258,-4.659234848109691],[-72.05966960756632,-4.673352973061185],[-72.08028073246982,-4.668669847935064],[-72.12511048226293,-4.733600598388875],[-72.14035623205444,-4.711507973514131],[-72.19322673212793,-4.74581609873394],[-72.18735573208136,-4.750485348220195],[-72.1923647328461,-4.76294834828758],[-72.20927910724498,-4.7474599730992395],[-72.24351098254579,-4.781360473407062],[-72.25572285772364,-4.765460098104995],[-72.25403760734969,-4.791251473576608],[-72.27115348204751,-4.798352098670364],[-72.27804685747645,-4.771027223527483],[-72.30650448269569,-4.790422598124337],[-72.31049685744398,-4.774439473502866],[-72.32688073255974,-4.779992848291272],[-72.3197109828755,-4.7885853479353955],[-72.32272248235665,-4.811696723025307],[-72.33898235715003,-4.793179848471198],[-72.37070635781214,-4.804802348449584],[-72.35884360754642,-4.8233868484242635],[-72.38906060706131,-4.833285348040306],[-72.37534098250029,-4.83756697353698],[-72.38143348286889,-4.87198897361219],[-72.4061104823129,-4.888655223259889],[-72.42185598266741,-4.875994348060658],[-72.41565598273735,-4.9009783481722025],[-72.43383010767332,-4.910687348042643],[-72.47042735733663,-4.891125972985208],[-72.4513484820468,-4.9156879734212],[-72.48202898225168,-4.950801723021073],[-72.48773110760447,-4.933385097943869],[-72.4967767324602,-4.9499897233470165],[-72.52115885769507,-4.932871723551159],[-72.52216848248946,-4.960019098602459],[-72.55193648198303,-4.9555607230489045],[-72.58467373260663,-4.997964848398965],[-72.59799948199048,-4.983860348176506],[-72.62119785749508,-5.051804098180526],[-72.62880810770798,-5.038353223422462],[-72.64142123250383,-5.062989473685207],[-72.64201123273216,-5.044972472901236],[-72.65737348250019,-5.0636267233945205],[-72.67082798242541,-5.047255347955911],[-72.72764823208018,-5.051992847891597],[-72.7398601072581,-5.088593348604093],[-72.75636685764431,-5.076617348511775],[-72.78594698246724,-5.1134419728687135],[-72.81831160709493,-5.102775597915468],[-72.81536185776349,-5.139140098536643],[-72.85085310768471,-5.1360134732431675],[-72.88756973245717,-5.164011347945291],[-72.87999023276302,-5.186890598122545],[-72.86902723262062,-5.179062973677219],[-72.86052460762448,-5.2711668494704895],[-72.95888473234447,-5.466128849666632],[-72.96059373201507,-5.521978099509624],[-72.95285748228696,-5.544867474254488],[-72.93857385779728,-5.541279974291342],[-72.97367835786986,-5.6129107243503995],[-72.95911573220525,-5.656891099544566],[-72.98557035768584,-5.6612758494009086],[-73.00046523338375,-5.728521849603624],[-73.02753110827399,-5.733411474360025],[-73.05302910870637,-5.7951699742149],[-73.11421610828671,-5.833184349478074],[-73.11701973307419,-5.864329349519835],[-73.15206798325079,-5.867959599655762],[-73.18694973384311,-5.944716349579835],[-73.18680248334789,-6.005125349255422],[-73.23821273353082,-6.043992474273239],[-73.22746760854324,-6.076697849326251],[-73.24675148339418,-6.149285099427743],[-73.21627185845944,-6.183180974522315],[-73.22028510827107,-6.21957747392122],[-73.16070473313687,-6.276667724335937],[-73.13557598354475,-6.380259225183067],[-73.10472598361719,-6.406663975162303],[-73.12119023384219,-6.431741225077417],[-73.11116760799865,-6.453566725224164],[-73.15171110798121,-6.527090350339336],[-73.18796660807249,-6.5230163504242],[-73.17576910855746,-6.535366600688008],[-73.1995341082125,-6.546705100160182],[-73.2066922332599,-6.577112850377716],[-73.21911585831015,-6.563671350152617],[-73.23799723348549,-6.5927366005136605],[-73.35280885874181,-6.59326747571339],[-73.39114973377315,-6.6419284750190855],[-73.53639260853203,-6.683399725516892],[-73.56179223302507,-6.722033100547094],[-73.63825998311171,-6.754149975440953],[-73.71045998334154,-6.840189975387034],[-73.76154998314519,-6.938669975239122],[-73.7438899835359,-6.96415997530255],[-73.76127998328457,-6.977729975158184],[-73.7599699831282,-7.057569975174147],[-73.7998623586609,-7.1170954754757645],[-73.742459233207,-7.219493725255177],[-73.71661910818523,-7.227558225731514],[-73.70039360817844,-7.32246235025724],[-73.75463998374823,-7.353785975442349],[-73.76162623306419,-7.336904349855843],[-73.8210969835389,-7.338617600621717],[-73.85366248343684,-7.354309600307772],[-73.86354785834692,-7.389246976666584],[-73.90386585872238,-7.385697726668695],[-73.92175948331345,-7.3617604753656],[-73.93496573348176,-7.377257975974771],[-73.95117223351173,-7.35748347508229],[-73.90975935800793,-7.4729878517079555],[-73.94171060835782,-7.533433726285409],[-73.98303323329702,-7.534361350895608],[-74.03647385858164,-7.48124447615163],[-74.03910948371566,-7.44887947650659],[-74.13293685984814,-7.400802351247478],[-74.1416364840365,-7.377771726284095],[-74.2536589842747,-7.343682475365881],[-74.34431348477943,-7.344729600090943],[-74.37017798412666,-7.317272100127298],[-74.46352085950002,-7.298596850464207],[-74.50009123472267,-7.262049475402932],[-74.53552285959228,-7.293768849952414],[-74.57952135972295,-7.409929476264267],[-74.61607385912129,-7.435037601703925],[-74.64290210974451,-7.500086476309775],[-74.64314435922478,-7.562285101676082],[-74.57622710979325,-7.637229851676295],[-74.5820839841885,-7.706013725852699],[-74.51560960949587,-7.7778252261531975],[-74.56974510944923,-7.8159804766176535],[-74.62798423478455,-7.939828101285798],[-74.72794448455028,-7.9810089759834],[-74.77902598486128,-8.04237635168721],[-74.88792810919483,-8.084199476324727],[-74.98225973429925,-7.9689863514389],[-75.03334960909712,-7.950054726644282],[-75.14410986048165,-7.979091726601837],[-75.14943473552461,-8.001818851059056],[-75.18569736004508,-8.01844260144486],[-75.1893214857979,-8.079044226010183],[-75.23540623500969,-8.150501851179456],[-75.28789223533835,-8.12549072661568],[-75.34553773527824,-8.129410351606396],[-75.39813148517987,-8.168468726450499],[-75.43923886008531,-8.17487460098198],[-75.50287723529613,-8.289411851175942],[-75.49384411011755,-8.328650976261486],[-75.5100536615472,-8.334816902677858],[-75.48267397182627,-8.345476890645955],[-75.4771813210611,-8.386368508299995],[-75.41956456974907,-8.451533549233886],[-75.51083505729201,-8.432044586688278],[-75.57228944869905,-8.444581836582472],[-75.61807961058554,-8.408322851618266],[-75.68731931963083,-8.423294342359952],[-75.71646102855357,-8.48689488758896],[-75.78454889941213,-8.494325821979032],[-75.7992224735383,-8.512155830327288],[-75.77826027399243,-8.546410834392475],[-75.81680134350717,-8.636021221102453],[-75.89132125377279,-8.66021737733007],[-75.94600720267022,-8.715191383575473],[-75.97975973572318,-8.636001977409308],[-75.9707266105446,-8.512400352394309],[-75.95453123512834,-8.499486352213353],[-75.96755473586234,-8.45992572759019],[-75.94633721249232,-8.3991233365727],[-75.98600475931215,-8.323651674684982],[-75.92709323516465,-8.306762100890182],[-75.91288586059397,-8.256099976033],[-75.95180298521956,-8.101295225993852],[-75.92098848513047,-8.07311935117707],[-75.84493273515756,-8.059638100917596],[-75.82949286040713,-7.97349585165216],[-75.85879323581912,-7.92112535125392],[-75.92783786032896,-7.957255975982434],[-75.99350973578566,-7.953566351705717],[-75.97566148558906,-7.908968100897084],[-76.0060397353455,-7.890586851302089],[-76.0438029857192,-7.792343601575908],[-76.08443511029208,-7.762560976407883],[-76.10159261011086,-7.72266397656125],[-76.07971861042552,-7.584335976424143],[-76.09137361010397,-7.560355726735338],[-76.11567098502792,-7.562502725920012],[-76.12191085999814,-7.52599235166565],[-76.1672753601697,-7.493017600881501],[-76.20439686062656,-7.4313268514529796],[-76.21540811119536,-7.395333101741187],[-76.1959182358379,-7.334402850511083],[-76.2131113614002,-7.310142600500569],[-76.166661485639,-7.267596349891562],[-76.14352523530135,-7.203962474888272],[-76.05994498547267,-7.161301225271302],[-76.01071711020643,-7.07837985024986],[-76.00811323563727,-7.002220725006396],[-76.0356401102029,-6.993146475629317],[-76.05184423512333,-6.937871600294045],[-76.01064673555834,-6.890421350165127],[-76.05104348506876,-6.810923100620528],[-75.96495111040537,-6.7884066000845],[-75.84387536085916,-6.7972617251484735],[-75.81397186051294,-6.825477975028491],[-75.79418336077345,-6.82140160000381],[-75.78053911019174,-6.848412100038331],[-75.70080561059041,-6.869113975529501],[-75.65967198537379,-6.819332099896428],[-75.61688836050939,-6.841188725579173],[-75.50799811082413,-6.7803798504497195],[-75.50298348569925,-6.552228725375301],[-75.55009498549515,-6.347707975042965],[-75.4903108608575,-6.267036224442165],[-75.48783211076324,-6.199042973954022],[-75.52677736078653,-6.162134724337989],[-75.56892961211184,-6.000388601152963],[-75.62107023500329,-6.029380849046902],[-75.63645998514016,-6.088949974561615],[-75.68004998531853,-6.095309974675558],[-75.71882998581515,-6.141229974383748],[-75.77048998582416,-6.147729974658546],[-75.76951998515915,-6.125079974261382],[-75.80709986017035,-6.1017699740050375],[-75.85152004071728,-6.101750013552248],[-75.84020970801157,-6.14134011885136],[-75.91914869435669,-6.140577029706094],[-75.95845055075227,-6.098380287120506],[-76.01353004027908,-6.083580012907248],[-76.14598935702315,-6.146673399857491],[-76.24714937884073,-6.126061412504157],[-76.3182966110997,-6.086094974203661],[-76.31533986144541,-6.054066348882827],[-76.40015805415084,-5.953558718659906],[-76.4301810600079,-6.002766352884805],[-76.48092282612748,-6.0139626749374315],[-76.75032386145699,-6.00281547385498],[-76.74672811111338,-5.954027599094388],[-76.82020348670153,-5.859285848962713],[-76.83545111157952,-5.745555349100016],[-76.89284361154341,-5.747782474281735],[-76.99560561101009,-5.667119099067122],[-77.12691023601855,-5.6509935991751945],[-77.14235186174898,-5.625438599711572],[-77.2021612366517,-5.634464474555784],[-77.23194136170446,-5.595460974544267],[-77.26580098602665,-5.613969474611508],[-77.33702623717107,-5.604026349736216],[-77.37182036231985,-5.567105474537982],[-77.41059961278188,-5.589753848960925],[-77.46083111256576,-5.584693974447305],[-77.47275173780241,-5.5547868489338725],[-77.50736523771553,-5.552664099068863],[-77.49227148773895,-5.5197044739822445],[-77.55811911230717,-5.425578099349764],[-77.5948101126965,-5.46422422406863],[-77.67186973719856,-5.40877122451235],[-77.69764673700729,-5.409460848938977],[-77.68414823775095,-5.295881224738707],[-77.73970786272764,-5.211856598303314],[-77.69528098762743,-5.164740348288376],[-77.77428673784266,-5.097177972885106],[-77.82025473706642,-5.089396222857374],[-77.8259579874711,-5.035050473100796],[-77.75844548756913,-4.950052723554279],[-77.79911348699778,-4.82459284828127],[-77.78972523752964,-4.744543848519754],[-77.67257173719588,-4.630480348589174],[-77.65545698754988,-4.518544972872178],[-77.58908786231495,-4.480464848174165],[-77.56827536211824,-4.42091997287838],[-77.58555073787619,-4.251333972884481],[-77.54840536221764,-4.105404847055979],[-77.53787736235034,-3.9618994723826972],[-77.56149361234031,-3.8761658471760825],[-77.65191411284599,-3.780562346874774],[-77.61562298701119,-3.7077187225409602],[-77.61996673767476,-3.622408222061779],[-77.64300961230373,-3.6193463470562506],[-77.66667298766822,-3.571871972613394],[-77.71645961262101,-3.542305097502208],[-77.71513123751657,-3.514853596915941],[-77.77254323748036,-3.4288094726789495],[-77.7876641128085,-3.0747753467048256],[-77.8172509870434,-3.000792096078328],[-76.6318651111859,-2.5896892215802723],[-76.0434257354093,-2.127093471686294],[-75.58267098497794,-1.5474610955530466],[-75.55762523561611,-1.55950659525314],[-75.38669973500475,-0.9297385942606411],[-75.30006061030889,-0.9871480950085356],[-75.27436711075353,-0.9695965950068057],[-75.18833148510993,-0.970199594935309],[-75.22891023581872,-0.9414933449418754],[-75.22280836001778,-0.870897719054426],[-75.24982011010997,-0.8347025940494177],[-75.24078186059432,-0.8024354694213116],[-75.26398973563778,-0.7875448439193633],[-75.25093973548036,-0.7625220947188609],[-75.2734398602613,-0.7289432189543277],[-75.24833236074983,-0.696337343993207],[-75.27138411078806,-0.6636127189517538],[-75.22309998587559,-0.6284999693980353],[-75.23992998498079,-0.6010499688808864],[-75.22748986006894,-0.5507599690972711],[-75.24407998570274,-0.5469498446595367],[-75.24692398555345,-0.5189132190697592],[-75.26759286042216,-0.5300165943902471],[-75.26965348512022,-0.5025912191094335],[-75.3127576103754,-0.4942412189570291],[-75.32484998543845,-0.453140094339858],[-75.34909998587563,-0.46353996959385313],[-75.3878499849888,-0.43411984405548765],[-75.4737099856273,-0.29674996903577266],[-75.4822199850642,-0.23695996912721284],[-75.53076998554639,-0.18089996945798248],[-75.6106188600723,-0.19244921965571393],[-75.61049598570116,-0.11335546897964832],[-75.56360998551236,-0.13119996900331898],[-75.51607123579885,-0.11447484433853106],[-75.40512936003188,-0.17026759427403704],[-75.36821323505274,-0.16323271951432616],[-75.36402211013223,-0.14611021951100156],[-75.35217211045449,-0.16381621944293556],[-75.28794861024011,-0.15396359424443062],[-75.22575948531198,-0.08602921967269594],[-75.21548798558206,-0.048686468905373204],[-75.18359648528951,-0.03860596899022539]]]}},{"type":"Feature","properties":{"code":"17","name":"MADRE DE DIOS","capital":"PUERTO MALDONADO","source":"INEI"},"geometry":{"type":"Polygon","coordinates":[[[-70.61380449448177,-9.873393333235697],[-70.61375385545603,-11.000167979368712],[-70.5216699805851,-10.93420997920714],[-70.4517399807155,-10.996759979589342],[-70.4377599808384,-11.038799979335522],[-70.30842998015942,-11.070589979443923],[-70.15826810518888,-11.04187222892017],[-70.09284973063052,-10.987116979165194],[-70.06458710541057,-10.993875354663828],[-69.93330085535018,-10.922221729449234],[-69.76953772998223,-10.929936979108277],[-69.73764085444185,-10.974966604125427],[-69.57698710447124,-10.941247104070555],[-69.10344722940607,-11.681347730613254],[-68.65227910359772,-12.502740354883429],[-68.65551997876395,-12.53459335519915],[-68.68137735368191,-12.525356980540153],[-68.67447897802236,-12.55297360564731],[-68.74058560464192,-12.632759479965955],[-68.73380772914334,-12.667383730374809],[-68.71954735482655,-12.661224730536844],[-68.71192822920437,-12.680111605066486],[-68.74237060421996,-12.707991855639591],[-68.7279074795465,-12.713389105422834],[-68.8039529790467,-12.756566481357993],[-68.80763110459179,-12.80861823144619],[-68.83937285427379,-12.82389660594356],[-68.83479885468336,-12.857838856378066],[-68.87054385461516,-12.870093356722975],[-68.8718732297657,-13.003925856393096],[-69.64985997925459,-13.341719981691767],[-70.40286810567852,-13.11441285596851],[-70.41769510504503,-13.133089981617331],[-70.38966210552172,-13.131538356110184],[-70.3884699804052,-13.192389981412475],[-70.4642477301486,-13.159690606636161],[-70.54942523078972,-13.153170981355686],[-70.59949185516496,-13.09914623111365],[-70.6603252305249,-13.088332731570233],[-70.68520873049846,-13.106781231568561],[-70.76286823068426,-13.107733481414982],[-70.8295437306586,-13.067001231721406],[-70.86311035675755,-13.080324355984203],[-70.89926623175114,-13.069684856370998],[-70.8872911066992,-13.103364481385654],[-70.92139285639519,-13.110830981264712],[-70.94219023179375,-13.15649885603733],[-70.97723623186658,-13.16968298108469],[-71.0104493560529,-13.262254855976778],[-71.03203648099878,-13.271045856680871],[-71.13153660612943,-13.220017106104535],[-71.17379885623217,-13.055007856727173],[-71.17939510619914,-12.998342231109007],[-71.16206310642718,-12.966768481080464],[-71.27100998102577,-12.9624899816273],[-71.35898873134482,-12.8807542314226],[-71.37505835635801,-12.900546106317734],[-71.39684285641266,-12.882633106732442],[-71.41636723156245,-12.894062480898754],[-71.44887223136834,-12.863340606483746],[-71.44648285679835,-12.827215981132554],[-71.51313573162867,-12.744386730862914],[-71.54659135620608,-12.735416479986498],[-71.55270098146508,-12.708705105256342],[-71.6389599816178,-12.70943997997108],[-71.69496998167926,-12.738789979973546],[-71.70808998146742,-12.77291998097229],[-71.74755998140796,-12.796159981597839],[-71.81223998109022,-12.743859980853415],[-71.9003516062416,-12.733355480271143],[-71.91778210785793,-12.69891448021906],[-71.97859548229565,-12.683331355157861],[-71.95613235742229,-12.654458230562852],[-71.98139610784403,-12.580490480651122],[-72.07896160779194,-12.498627229962665],[-72.06055760714781,-12.438361480597791],[-71.97664685736652,-12.399453730505229],[-71.96717898282378,-12.3476419806928],[-71.94589035725414,-12.330223605534911],[-72.02893573259792,-12.287234355181283],[-72.04335885722543,-12.25488435532867],[-72.10561135737822,-12.238792980211826],[-72.09444660782464,-12.08519097987977],[-72.26893285716557,-12.054375355638115],[-72.2591646072608,-12.00572347995461],[-72.28622173264682,-11.975316355665257],[-72.34048973241516,-11.965767730096616],[-72.3475142325957,-11.891267479910198],[-72.3318397328174,-11.856086229895539],[-72.3907568570433,-11.827556854964826],[-72.37076798205669,-11.784967355059337],[-72.42332685714871,-11.737818355332763],[-72.4287387326064,-11.708971855166908],[-72.37564235700916,-11.633173729483985],[-72.35562310742046,-11.635025354436493],[-72.30789448204467,-11.587537104353828],[-72.2925507322305,-11.433273104070452],[-72.24789448234446,-11.385005854036876],[-72.23925835748719,-11.345060980579717],[-72.20462335748192,-11.347432729336958],[-72.21888468328149,-11.296860689569144],[-72.18652348147344,-11.184888729431293],[-72.20678076541992,-11.17229463339055],[-72.12046873224614,-11.119490228990855],[-72.14815084598473,-11.087776178427873],[-72.18329946230028,-11.092591850133715],[-72.18525403354676,-11.008834821469804],[-72.12793021121024,-10.979842447670762],[-72.12503459027408,-10.995623521608195],[-72.0544131070792,-11.011073604563137],[-72.01083257136605,-10.98774687062155],[-71.93837658181377,-11.003895175521905],[-71.8470084890505,-10.995678520547244],[-71.82846250164312,-11.011867836331533],[-71.78022848155916,-10.987814478954988],[-71.71600260623524,-10.997850228605103],[-71.70169398239136,-10.97383860426811],[-71.35521810603075,-10.95061672947844],[-71.27272701254157,-10.852818728701322],[-71.2587233254211,-10.784934502125509],[-71.2215637737491,-10.776698441579754],[-71.21553682766245,-10.714948482586351],[-71.23131265315635,-10.685238531632876],[-71.20629098134367,-10.652160104305324],[-71.22080273146082,-10.636734353407633],[-71.19621285653807,-10.579861353118929],[-71.16529310609195,-10.56964385318122],[-71.1645708560601,-10.531261478034764],[-71.12851435525323,-10.504735852877275],[-71.02453348123515,-10.478200103152176],[-71.0049724605106,-10.430818518959427],[-70.95841480280086,-10.389576782642337],[-70.96801200614914,-10.33555137229797],[-70.88945882176716,-10.335138613156403],[-70.8808332756351,-10.261970186974509],[-70.80320133427409,-10.251154409448418],[-70.70644335627583,-10.16135747816503],[-70.69817385533912,-10.118031228458392],[-70.64989978214919,-10.07947457459187],[-70.6520585525601,-10.040059992674458],[-70.67231835550768,-10.023134728384946],[-70.65689285552082,-9.99972947823278],[-70.66762748182276,-9.97069310330403],[-70.64852148028206,-9.951576228060446],[-70.63953932507974,-9.88437598716206],[-70.61380449448177,-9.873393333235697]]]}},{"type":"Feature","properties":{"code":"18","name":"MOQUEGUA","capital":"MOQUEGUA","source":"INEI"},"geometry":{"type":"Polygon","coordinates":[[[-70.82019810545819,-15.978467984010194],[-70.77596998053014,-16.01339998422185],[-70.72210998069102,-16.034189984280317],[-70.64081998035778,-15.9876399842978],[-70.62476998035027,-16.00301998398504],[-70.56288998028833,-15.982499984686513],[-70.50732423002916,-16.038144484080647],[-70.46577898061543,-16.050369108947166],[-70.44112135526632,-16.03581423453926],[-70.40322873022166,-16.087231359139878],[-70.4019421052439,-16.14902973403497],[-70.3622793554079,-16.206498608923596],[-70.33459660584862,-16.201568109080938],[-70.32403323024931,-16.21787223411627],[-70.3451348552893,-16.25610198441899],[-70.34561073065066,-16.34813948394998],[-70.38225698077503,-16.385923734392804],[-70.32505173045297,-16.41752498389087],[-70.3011699808099,-16.47867185931881],[-70.18477798051936,-16.537608609449705],[-70.16570598054653,-16.61332410902037],[-70.08784510506752,-16.65523223398037],[-70.04861160524138,-16.62770798453579],[-70.01323598025624,-16.640342984441133],[-69.99530235561917,-16.728589484517045],[-70.03554198007828,-16.74288973387405],[-70.0903138555999,-16.810854733958763],[-70.09427885498513,-16.89092485969445],[-70.11634973065549,-16.92216348455713],[-70.14662498015866,-16.938730484124505],[-70.17368935497973,-16.91223235933586],[-70.22703335530508,-16.959355359662084],[-70.25245323073199,-16.944712483893966],[-70.2590663558276,-16.90203323434622],[-70.24121073029096,-16.856918108983507],[-70.18406723011856,-16.834687484040103],[-70.18255960574118,-16.816506859703793],[-70.24730048053272,-16.80246485966552],[-70.26657498085063,-16.770833484677553],[-70.31129498007925,-16.773300734241445],[-70.44068935512962,-16.840046858875382],[-70.46501685554341,-16.944434109546478],[-70.44319923075983,-16.96427735911277],[-70.46315848027962,-17.004367483872215],[-70.43920123075213,-17.05036323527503],[-70.44873935583655,-17.080669110291183],[-70.49131360503878,-17.09020848543321],[-70.55505048029539,-17.197663235469918],[-70.68409073020302,-17.22426473552906],[-70.74670285575218,-17.351353610380784],[-70.7367199808424,-17.408279985432955],[-70.87995998176768,-17.555669985281554],[-70.91249998138898,-17.68736998553635],[-70.99299623109113,-17.679119110458544],[-71.01711323169025,-17.70921086049276],[-71.08219135674568,-17.716683610660084],[-71.1420385787174,-17.821357360154025],[-71.34918895480638,-17.69344923529394],[-71.3814428297228,-17.707173860085504],[-71.34150000042462,-17.636894536553598],[-71.36295310660057,-17.48878511054437],[-71.39435548182001,-17.389412109980867],[-71.43279098171837,-17.366648485639075],[-71.44471473119984,-17.33223636011985],[-71.47688473174492,-17.32281048571531],[-71.47253710680201,-17.297158235364236],[-71.49079685618995,-17.285007110289882],[-71.42351535614876,-17.236616109945487],[-71.30224610667244,-17.093851110240507],[-71.33942410613753,-17.02175898458944],[-71.38578798153009,-17.02050198417919],[-71.40457148168849,-16.956764233882268],[-71.46401973112563,-16.95646473445987],[-71.42406235619274,-16.91929760959698],[-71.4437111066822,-16.804678359218883],[-71.4229278560357,-16.737897858899032],[-71.36444860631809,-16.720344484710154],[-71.32717135677268,-16.752445233860385],[-71.28909298125603,-16.72645760923126],[-71.27915185647294,-16.615821859091454],[-71.26040648127406,-16.605201734472416],[-71.23749548143127,-16.514591234198065],[-71.24210360669605,-16.463064234027115],[-71.13951873140428,-16.474973734650064],[-71.0471954812864,-16.45440298391054],[-71.01256560651751,-16.49857898413279],[-70.95608523134831,-16.472520858950418],[-70.98628998119761,-16.30994998460409],[-70.94361110666722,-16.314405484125757],[-70.91578673187212,-16.28240010897781],[-70.88080598121104,-16.284543983917672],[-70.84447473122384,-16.235877984381432],[-70.8669586061547,-16.224584609292265],[-70.85388948101468,-16.196687733851775],[-70.87859348170377,-16.166616483863606],[-70.86711123099849,-16.128484734482868],[-70.89570610625174,-16.106281233991695],[-70.85673523184545,-16.056337358981864],[-70.80451198014373,-16.055133984245913],[-70.82910160505497,-15.99549010888137],[-70.82019810545819,-15.978467984010194]]]}},{"type":"Feature","properties":{"code":"19","name":"PASCO","capital":"CERRO DE PASCO","source":"INEI"},"geometry":{"type":"Polygon","coordinates":[[[-74.68004760950953,-9.447271977519677],[-74.58109248433067,-9.476601727487662],[-74.5934943592772,-9.507361851867927],[-74.57484998423934,-9.572717603034903],[-74.49382935963718,-9.592224853294283],[-74.49014035948994,-9.685195728599922],[-74.44724023464909,-9.777149852883383],[-74.45330085944704,-9.863636228628991],[-74.41098885974804,-9.914670228548175],[-74.41882810972942,-10.0257499784787],[-74.3669667344272,-10.112896478189896],[-74.31501898463841,-10.113156228477123],[-74.3028732348119,-10.164837728578277],[-74.23060673421338,-10.186316603028786],[-74.22715773434192,-10.277329727984522],[-74.25219498421109,-10.305131103517567],[-74.23691410959844,-10.321605728321686],[-74.26274235907255,-10.36366110287753],[-74.24200460962498,-10.38316510298705],[-74.25288360949094,-10.41713672797755],[-74.17871935951081,-10.488645353700065],[-74.13267348439376,-10.604910854452328],[-74.135515609158,-10.671477353896705],[-74.15985573425468,-10.640591354107642],[-74.22966498485113,-10.634598354730258],[-74.25892048409304,-10.680431979052571],[-74.28688110977538,-10.670412104235197],[-74.3502991097161,-10.754733854084066],[-74.38389985969076,-10.747480479140734],[-74.38676485961054,-10.813115854712862],[-74.48267560969157,-10.83539122902198],[-74.48708310969772,-10.889033479611328],[-74.547996109233,-10.890996604309805],[-74.57106785929426,-10.915840729266222],[-74.61410248404235,-10.90462547918247],[-74.6426122348667,-10.867962229173486],[-74.69084560923744,-10.886795353922423],[-74.73316898446103,-10.833917979431135],[-74.79482685917219,-10.829872354025895],[-74.87857098436342,-10.700463229194611],[-74.86593623446959,-10.75897210437904],[-74.88523873428011,-10.770597604495777],[-74.9564816094387,-10.732823729531447],[-74.9828176098448,-10.749787104391316],[-75.01172948442814,-10.679525604523008],[-75.03563923446308,-10.682317729679426],[-75.06507285972464,-10.652894478996984],[-75.15707998555285,-10.761980479615374],[-75.17664586081776,-10.749901729281362],[-75.18994898505758,-10.780401979267879],[-75.24390036051318,-10.7638808541181],[-75.24795898561865,-10.803101479249847],[-75.28452923583552,-10.841650353980583],[-75.34789061086298,-10.800290979145302],[-75.36273773525824,-10.850112478907704],[-75.38572736012952,-10.86493685405253],[-75.41072198573102,-10.861700604099553],[-75.39075986017934,-10.832259854408733],[-75.39481048581524,-10.759140604055574],[-75.46078898512354,-10.749771479570086],[-75.47789061006358,-10.78096085396021],[-75.49024998574822,-10.756829979519921],[-75.56777098584229,-10.72711997910369],[-75.58409586003586,-10.801567104538208],[-75.60662173510497,-10.823115979518775],[-75.67854873533582,-10.840179604505124],[-75.69325261031969,-10.817219354189774],[-75.73280686054812,-10.809264479272258],[-75.75857023562781,-10.830089854163418],[-75.78914061025091,-10.82527147909542],[-75.83696798568394,-10.886036729011778],[-75.8760699857412,-10.86749522922139],[-75.93592385999813,-10.889722604014935],[-75.9947609850314,-10.820957353898734],[-76.04550998529754,-10.880739979366524],[-76.08213998557181,-10.895139979726252],[-76.1229299852306,-10.96263985404596],[-76.1462382354062,-10.94581447925475],[-76.19090423574187,-10.960310479544944],[-76.20979686143596,-10.918966729530894],[-76.28169723633835,-10.91391797963098],[-76.25966786168243,-11.027401853912409],[-76.23957036118321,-11.049199104554987],[-76.25014998663255,-11.105199979195618],[-76.21462998628482,-11.150310104327787],[-76.22715998674397,-11.155769979301056],[-76.3079003610128,-11.132664104464823],[-76.33550973668497,-11.082533228925342],[-76.35095898686774,-11.094193354739502],[-76.38949611105664,-11.070988228923568],[-76.44680661173572,-11.071247354181992],[-76.49352348631982,-11.088599603988484],[-76.53299023611049,-11.03412697967633],[-76.57894598656799,-11.014776979473993],[-76.56502123654082,-10.9639322292889],[-76.58387761146258,-10.853608729159475],[-76.63348648631228,-10.784528478906111],[-76.67095386153147,-10.677813979731354],[-76.65565536110597,-10.646781854498954],[-76.68586230799906,-10.581457150626932],[-76.70371970160289,-10.5885935489531],[-76.73024061161487,-10.508402602897775],[-76.72915071873064,-10.479066058551723],[-76.69681998685286,-10.44248635286283],[-76.59335898662789,-10.401493977864732],[-76.57810311136944,-10.375503853120279],[-76.55824373605952,-10.393429728299282],[-76.4909411118428,-10.378896478089928],[-76.47280436183178,-10.337767603092345],[-76.49397611150829,-10.310531228433376],[-76.42493998649115,-10.319219978019532],[-76.38721998631326,-10.289289978249826],[-76.34207998660207,-10.285839978332262],[-76.3055171117253,-10.412544728456396],[-76.28528748642833,-10.416419978199372],[-76.26947686166778,-10.36898822802425],[-76.22632998623982,-10.3969299787355],[-76.23088861102053,-10.371790978670674],[-76.20539648585907,-10.376562478375604],[-76.12963086077559,-10.430800728570716],[-76.07826873511402,-10.434153728511717],[-76.05764061032585,-10.465152353098574],[-76.01220898565612,-10.454611353531106],[-76.00311323528751,-10.488806603042235],[-75.9767358606714,-10.479903103445395],[-75.92504873531084,-10.406560478583174],[-75.9249393606629,-10.356720602973382],[-75.85640036018845,-10.30171085317329],[-75.8396796107254,-10.25739060349349],[-75.70942961078788,-10.215070228408251],[-75.6764687356436,-10.05427535322491],[-75.64517961025075,-10.026927727932275],[-75.60207948518007,-10.024774853476686],[-75.59643336061106,-9.95370810334623],[-75.54837861048446,-9.984414977968811],[-75.46777598537341,-9.989058978089304],[-75.44955173582389,-9.941551603024038],[-75.40478361027533,-9.93021210350571],[-75.39959586026072,-9.878455603543216],[-75.28240798514037,-9.864731352869569],[-75.31063861068327,-9.77467185372302],[-75.25465036072552,-9.779002227870478],[-75.16012498567949,-9.83997460334524],[-75.09446785910438,-9.844477728264508],[-75.05778923428568,-9.818918603610598],[-74.99361598458995,-9.839797228259442],[-74.98555285917706,-9.864063728558165],[-74.8823514842336,-9.819738103630527],[-74.83500260928298,-9.84710597805838],[-74.81559960933447,-9.795428353135947],[-74.84707135915585,-9.780477478452838],[-74.84379885932987,-9.749148478019777],[-74.81684360914522,-9.736433603028331],[-74.82188273450055,-9.67718810304848],[-74.78747798432147,-9.665769728490147],[-74.76481485921835,-9.635716103415405],[-74.77248573452897,-9.612379103712613],[-74.73559373476303,-9.5744452285644],[-74.75052285934242,-9.52460710303535],[-74.72882073448926,-9.472412102636383],[-74.68004760950953,-9.447271977519677]]]}},{"type":"Feature","properties":{"code":"20","name":"PIURA","capital":"PIURA","source":"INEI"},"geometry":{"type":"Polygon","coordinates":[[[-81.04191054943226,-4.082921767125811],[-80.971322240429,-4.127117222381855],[-80.9670937405836,-4.172763722967375],[-80.9236757402432,-4.169480473544979],[-80.88282224035407,-4.19280072337466],[-80.73513999051812,-4.178029973004811],[-80.62268999035075,-4.2318899728439305],[-80.58981999079992,-4.214119973557899],[-80.52276949061945,-4.1048574719947055],[-80.48733198957962,-4.083128847718115],[-80.46696273913903,-4.127859347430899],[-80.44700998901976,-4.121149972393255],[-80.44931248908006,-4.209335973276495],[-80.43113861415566,-4.196064473696481],[-80.40927736415898,-4.218535098016332],[-80.3677812393127,-4.197431597889874],[-80.35267973897874,-4.220701223082926],[-80.30999611422925,-4.203818348338075],[-80.45331048908776,-4.383435598673884],[-80.44913473987629,-4.447611223479157],[-80.39033986409339,-4.4859804730203905],[-80.29198636467896,-4.4372304732077055],[-80.27708398953445,-4.404099598317771],[-80.26205473983435,-4.410433598131988],[-80.22048236416975,-4.378121098210045],[-80.21828911465087,-4.353466848016581],[-80.19637111473514,-4.350574223621493],[-80.20547848974047,-4.338671848327067],[-80.18685548978897,-4.335113222896894],[-80.1791641144323,-4.29750784850836],[-80.15541411456968,-4.304339847905624],[-80.13627923939532,-4.285164098544271],[-80.06147648964821,-4.31022072340761],[-79.96297848986535,-4.39448422326825],[-79.9192799891801,-4.385429973014823],[-79.87064448925173,-4.4133105986052215],[-79.81301761427142,-4.491101598559851],[-79.70643323980215,-4.471572098173738],[-79.64461473897899,-4.4337624733594225],[-79.60026161458183,-4.456486348566102],[-79.54298473955407,-4.527142098628929],[-79.49011398946902,-4.527962973712192],[-79.47659386421543,-4.569981848383577],[-79.49415261455147,-4.5817848485918375],[-79.4887088644225,-4.62531497370702],[-79.39354538531126,-4.836168840719381],[-79.36813666867226,-4.835327387349025],[-79.3523971685944,-4.880268261870754],[-79.30702016874574,-4.898383137671601],[-79.26581854309126,-4.967445637106437],[-79.2100401688187,-4.96585438746996],[-79.22624804301273,-5.047857387408442],[-79.27300811383333,-5.058521723598631],[-79.29602611321451,-5.111980222908926],[-79.33035123831894,-5.124428473195451],[-79.3418573633266,-5.163999973320074],[-79.37840811354357,-5.189978473427743],[-79.3481894880544,-5.233660099234157],[-79.359048863814,-5.288626973855685],[-79.30785736382626,-5.3652773492702295],[-79.27596086330317,-5.5197402247315495],[-79.3305648632778,-5.535469599342491],[-79.38726198854988,-5.5223928488508705],[-79.3995157388602,-5.538471599284833],[-79.3711209888425,-5.602563724736058],[-79.39924561309454,-5.771214723880348],[-79.33543748814952,-5.893968724377089],[-79.42369529360286,-5.927275387948725],[-79.48392442707063,-5.88810862411367],[-79.55379998917812,-5.938309974125957],[-79.61249741352475,-5.940837479166305],[-79.66270098935911,-5.834746099552831],[-79.68903998900424,-5.8479599741734205],[-79.73601940357258,-5.83008108407472],[-79.71693748947354,-5.7400058494903305],[-79.76641636462347,-5.7082524742722285],[-79.75250363673342,-5.691259353436351],[-79.7664299893525,-5.6617199741974105],[-79.83345898944077,-5.64522072415707],[-79.86441986408545,-5.563419974552119],[-79.85399611452902,-5.5307440990608825],[-79.89835173904146,-5.4803867238681505],[-79.93873636479134,-5.516664099068862],[-80.05065228727318,-5.540614493064368],[-80.0610667396383,-5.684399609054651],[-80.09517055237905,-5.702607988267971],[-80.10293466310418,-5.761498076175201],[-80.09236894027435,-5.795091265549445],[-80.05779298975466,-5.818806599245136],[-80.1238476148755,-5.891310599104827],[-80.17097895641365,-5.87993871230168],[-80.2874251147772,-5.920739559582955],[-80.34954004473724,-5.977960012944209],[-80.32802004428959,-6.005790012998659],[-80.38815384962044,-5.996126001713549],[-80.42451201361848,-6.02767765450011],[-80.62713286518954,-6.372080100716005],[-80.7838047399967,-6.29896484964803],[-80.89453911518797,-6.203345724525548],[-81.10655661499572,-6.0681582244224614],[-81.14953911503807,-5.979449224601979],[-81.14942574020569,-5.889591848984594],[-81.12374799047734,-5.843361349346765],[-81.10012499017614,-5.841078099274796],[-81.07073436509882,-5.785835974550537],[-81.00420111538915,-5.835867224093079],[-80.9446249904509,-5.845941349613554],[-80.9107891154253,-5.829156223980533],[-80.85981636563275,-5.745478474152208],[-80.85219536582343,-5.637316223864616],[-80.93849799028999,-5.446486349465431],[-81.05298049065709,-5.330990224119489],[-81.10777149026205,-5.315242224548967],[-81.19278511554063,-5.216951223520084],[-81.16736136583432,-5.167121098359928],[-81.16819724071007,-5.0815117234872105],[-81.08844924044007,-5.080605473064111],[-81.0624082401481,-5.020623098277326],[-81.08650599075884,-4.967062472854764],[-81.3281172401185,-4.67101759828347],[-81.27440436576882,-4.571123097952579],[-81.3050273651208,-4.479767598395881],[-81.2528339906961,-4.395617223356112],[-81.25302924070684,-4.274181598401981],[-81.04191054943226,-4.082921767125811]]]}},{"type":"Feature","properties":{"code":"21","name":"PUNO","capital":"PUNO","source":"INEI"},"geometry":{"type":"MultiPolygon","coordinates":[[[[-68.81421685432434,-16.347986359083166],[-68.91838872905657,-16.403720734024603],[-68.91839910453501,-16.233295358993587],[-68.81421685432434,-16.31977348435879],[-68.81421685432434,-16.347986359083166]]],[[[-68.94537885405083,-16.22724610972017],[-68.94493947947336,-16.244831984508437],[-68.95329297978714,-16.226455109215863],[-68.94537885405083,-16.22724610972017]]],[[[-69.69432935451607,-15.892393108355236],[-69.67311710477054,-15.908824732975006],[-69.66668785416113,-15.915115858510035],[-69.68768585481831,-15.908289983495877],[-69.71079610485634,-15.916339483280467],[-69.69432935451607,-15.892393108355236]]],[[[-69.8227989800888,-15.888497233560429],[-69.83374848050795,-15.888208108717208],[-69.8252164800565,-15.878328108155642],[-69.8227989800888,-15.888497233560429]]],[[[-69.69623210412828,-15.754215357952376],[-69.67619310452812,-15.768259483088627],[-69.68243285449262,-15.798122483365887],[-69.69623210412828,-15.754215357952376]]],[[[-69.70654872914048,-15.64930323325757],[-69.6928027292625,-15.662771482917549],[-69.7172041044858,-15.68040298301122],[-69.72730535445851,-15.66296398370082],[-69.70654872914048,-15.64930323325757]]],[[[-68.86763660454562,-13.010748606263121],[-68.85011235400191,-13.047985106627323],[-68.86300185485169,-13.04742810612214],[-68.85924247915705,-13.113288106261052],[-68.87801972902724,-13.136202856276725],[-68.85808872901157,-13.150524606625254],[-68.87213197910751,-13.181356106598969],[-68.84528747953351,-13.246693106001999],[-68.87878785437596,-13.329377980909044],[-68.8687968540915,-13.359242231243911],[-68.89167772934371,-13.38318560603085],[-68.88948635401198,-13.435396481262558],[-68.9059981046288,-13.437068231013996],[-68.89607622983408,-13.461259731451378],[-68.91933785465824,-13.525328106706695],[-68.94082710458719,-13.522281856522397],[-68.95247260472689,-13.604400356391295],[-69.0050449795421,-13.6241191065115],[-68.9957891039839,-13.652390606241454],[-69.0468457290471,-13.644996106085387],[-69.06724222984496,-13.68675198121889],[-69.02594722938107,-13.739292981385915],[-68.97445997924461,-13.760589981442422],[-68.99423010403603,-13.787512356010382],[-68.91723560483928,-13.81417235606932],[-68.95096497945019,-13.878670357251167],[-68.98252760486503,-13.894712356889727],[-68.98283472963902,-13.9300818574917],[-68.96330110406268,-13.948669607616239],[-68.97889322953887,-13.976530107278563],[-68.93633985450066,-14.02634573266937],[-68.89032035470058,-14.046605482556913],[-68.87112997966477,-14.11105998263207],[-68.83328997934905,-14.14486998236373],[-68.85617997912271,-14.162669982133934],[-68.8267599794894,-14.215609982714511],[-68.96240622916412,-14.220054732639767],[-68.98500572903112,-14.237115232481926],[-68.97924872974505,-14.265625482430039],[-69.01524335449716,-14.314709232345137],[-68.98540660453114,-14.37466335762781],[-69.02838410434288,-14.424818857504249],[-69.08194922907364,-14.44443948259601],[-69.11829297963726,-14.507893607404014],[-69.15403247931545,-14.521617607166775],[-69.15003035411752,-14.580314232016121],[-69.2213524793334,-14.581787982529306],[-69.22790122915836,-14.654161107648974],[-69.25837297962926,-14.683976732540145],[-69.22487060469462,-14.739024732305495],[-69.23993997944643,-14.75947373192713],[-69.30120372986818,-14.765298982561944],[-69.353796854741,-14.801665732387619],[-69.34387135477914,-14.882726857058742],[-69.36056997912118,-14.961059983631287],[-69.27728522942976,-15.109902107995822],[-69.24346322914465,-15.11220610812535],[-69.19075997958936,-15.158569983517907],[-69.11967997974722,-15.259319983730222],[-69.176296103982,-15.261359733364941],[-69.19479272940089,-15.315039232974186],[-69.21564160447645,-15.317158108559795],[-69.26032947902218,-15.374036358191347],[-69.2323346044584,-15.441795858691876],[-69.24082660486391,-15.460393483372513],[-69.25351135436546,-15.46919260855202],[-69.29007172912696,-15.436879608607],[-69.331464479602,-15.537979232855264],[-69.39110972913068,-15.50725098314632],[-69.37708472987634,-15.482022108433512],[-69.36307885470535,-15.514148357860392],[-69.35002047556446,-15.510837678216205],[-69.37611047901538,-15.471496233664197],[-69.43307447900395,-15.478307483003903],[-69.41498897955773,-15.49797673353936],[-69.43214397926118,-15.505596983314092],[-69.44032360465059,-15.462557608346913],[-69.531697104138,-15.386796983493923],[-69.52211085453229,-15.369968108541343],[-69.55322122977589,-15.376014483581514],[-69.56658972933252,-15.347564608719665],[-69.58905172915394,-15.373046233396906],[-69.62227897899163,-15.344360858466814],[-69.62326922969118,-15.353481358178101],[-69.63425310399754,-15.353219983715235],[-69.65386810472921,-15.297891358599259],[-69.63335022962934,-15.312993858080063],[-69.641850479516,-15.282575108254605],[-69.6682947295181,-15.274800483555453],[-69.65511610472441,-15.269221858501908],[-69.67742385462714,-15.243037107876205],[-69.68933347935655,-15.25466198296408],[-69.68671735422248,-15.237945483697047],[-69.7092497295913,-15.233036358041431],[-69.7593027292375,-15.25740660862806],[-69.74060122926329,-15.279244108428827],[-69.7144541044733,-15.277926107903511],[-69.69916885465886,-15.309943733616365],[-69.75094297953484,-15.2832036084597],[-69.7811994808713,-15.319887608526244],[-69.81496385529766,-15.2740822337081],[-69.83057923004736,-15.282099607910538],[-69.81841998049765,-15.306799983432427],[-69.83679210557119,-15.278893983470539],[-69.85607273027222,-15.302694482964],[-69.89489327670333,-15.295082207477833],[-69.87564435580236,-15.309050857910734],[-69.88959185508003,-15.302385233091968],[-69.9027056054793,-15.303081733734984],[-69.89543235551878,-15.324601983294826],[-69.85692798014213,-15.347443858547194],[-69.89265198000481,-15.340973607845683],[-69.87393948042262,-15.351336733203652],[-69.88008073034138,-15.355731858538377],[-69.8740467308719,-15.3564509834261],[-69.87168923007386,-15.366896983109257],[-69.8441914800527,-15.352999608445145],[-69.84945110568395,-15.346000358529693],[-69.84721173083665,-15.341807358522715],[-69.83892685509028,-15.339608482845165],[-69.84256873076225,-15.337076107975975],[-69.84527498055587,-15.331796108203775],[-69.84486810567847,-15.33026160848641],[-69.83658935521453,-15.338925608729824],[-69.83943198000185,-15.34961198370604],[-69.79112485582738,-15.351904858322484],[-69.87386048037683,-15.377161608421432],[-69.87612010525862,-15.359889483712664],[-69.90477348051166,-15.355740233025301],[-69.92552735570285,-15.384261733492167],[-69.93285473046143,-15.361115608598425],[-69.93758585510307,-15.415259858055947],[-69.86043810513439,-15.557607233287115],[-69.81067960557931,-15.607672233486767],[-69.80460323005497,-15.653972983666222],[-69.77090073078404,-15.658185233661584],[-69.7610762291846,-15.681808608080757],[-69.80297773063774,-15.674782358718858],[-69.74376447944712,-15.72283698294035],[-69.79008785566998,-15.72606898359669],[-69.82069323010842,-15.70757698339105],[-69.85053885548376,-15.675705233109966],[-69.85487423076108,-15.625002733189547],[-69.90635498059783,-15.565198983546225],[-69.94273260502564,-15.556482233568204],[-69.91514060515476,-15.568760358203917],[-69.92955360521466,-15.570904733166856],[-69.9331649803795,-15.588856108622451],[-69.91755948018584,-15.591397733018937],[-69.93111785540464,-15.617756483574794],[-69.91631823050187,-15.628398733314839],[-69.94824998085187,-15.675033108591037],[-69.96737110539215,-15.665447483114804],[-69.96486798007317,-15.7015234830223],[-70.0115932300435,-15.68665910873085],[-70.03417973021033,-15.722627608177504],[-70.03515210508556,-15.768675733398311],[-69.98866435527572,-15.819060358049057],[-70.0182597308019,-15.829698983521212],[-70.01508123081413,-15.850703233567344],[-69.99501398081054,-15.864001358475889],[-69.96369948014683,-15.850638108262046],[-69.89179710515225,-15.882220983711363],[-69.86035223067086,-15.931638358723205],[-69.84537135550363,-15.933174358509802],[-69.84624110514284,-15.90953235823173],[-69.83602510527436,-15.923353732988346],[-69.83374723045029,-15.910183608586635],[-69.78414210577353,-15.9281122329931],[-69.77764923082731,-15.916721982933097],[-69.80825335520814,-15.86906935836413],[-69.81729348070951,-15.88199998341247],[-69.82662610531048,-15.859635483590637],[-69.84944960561478,-15.8614038583014],[-69.84283410540962,-15.808184608332965],[-69.80556210520695,-15.783390232972806],[-69.76587585428723,-15.833078607891423],[-69.77945135529575,-15.856033232947311],[-69.76317760486256,-15.908365233368784],[-69.70079047979675,-15.920158358121682],[-69.68416910452049,-15.951789483098139],[-69.6643796047349,-15.969584109419088],[-69.5983332290952,-15.990226483964989],[-69.53706335429035,-15.976086608909839],[-69.4962529795913,-16.014779608991716],[-69.478907354191,-16.004099234292198],[-69.46223097907637,-16.017456484229342],[-69.4738214793777,-16.005303859085757],[-69.50707797966498,-15.98265810888455],[-69.55738560436214,-15.962501858374026],[-69.67201097912334,-15.959972608648911],[-69.68221622939541,-15.945105233319794],[-69.68926060459319,-15.930194858705704],[-69.6885207296479,-15.913493108320267],[-69.67173935418782,-15.956604608016221],[-69.56266085481457,-15.959456608235826],[-69.45173547980852,-15.99361048443626],[-69.42553972957484,-16.07752273428673],[-69.43075235483724,-16.095051109121357],[-69.44507860449397,-16.112478859711587],[-69.45280997899727,-16.114427234629147],[-69.43176235464892,-16.080361233883764],[-69.43462022924012,-16.05315735892492],[-69.4552916042241,-16.045696234293757],[-69.4389559795348,-16.05419123393824],[-69.50547685457315,-16.143738609649063],[-69.49193472920433,-16.160307734314415],[-69.50504397939608,-16.174877859425635],[-69.51067147900551,-16.15793348454264],[-69.5165923545535,-16.160650358926887],[-69.49432422967942,-16.20806135904445],[-69.38900847935781,-16.18011823416913],[-69.39938797957154,-16.20690098449279],[-69.3756071041845,-16.23558110918077],[-69.29472122950108,-16.254103358982775],[-69.25748397910229,-16.300094109255667],[-69.23478047983525,-16.261897984604275],[-69.09731122972943,-16.243817859506578],[-69.10250360405803,-16.224132984149833],[-69.05525885441256,-16.197361609350764],[-69.01276397937409,-16.219761609011016],[-68.98433585461595,-16.190107234361335],[-68.95664497968204,-16.196566984578624],[-68.99589535438707,-16.273705609126523],[-68.99048872917149,-16.23632060910876],[-69.03136472919886,-16.274708484508892],[-69.05507185478223,-16.249058109244288],[-69.0766893543302,-16.259480234625073],[-69.0219587298115,-16.331905984473565],[-69.02313835435154,-16.40394160931777],[-69.09849572949429,-16.490713359733718],[-69.03677385452971,-16.559903484658037],[-69.03130272903769,-16.60580860957964],[-68.99610160400579,-16.656576233906037],[-69.17001372974977,-16.727535109457676],[-69.18618747916878,-16.79755473396375],[-69.30467497986638,-16.915840984373858],[-69.33542947898724,-16.98026485893604],[-69.39357997973224,-17.020569984617055],[-69.3737388543646,-17.07312336035477],[-69.55690172953115,-17.159275110058218],[-69.64131997933356,-17.287449985528383],[-69.65543997937152,-17.270749985223574],[-69.73106997949594,-17.295469984851877],[-69.78824998045218,-17.236439984917297],[-69.85077998081141,-17.24407998560281],[-69.9427999804347,-17.197839985526855],[-70.02513185525089,-17.122181484987493],[-70.0403304805672,-17.127678984897216],[-70.04233998060556,-17.058709985277574],[-70.14558760498392,-16.942688359080478],[-70.09427885498513,-16.89092485969445],[-70.0903138555999,-16.810854733958763],[-70.03554198007828,-16.74288973387405],[-69.99556310505324,-16.729775984374157],[-70.0117667308499,-16.688483859042833],[-70.00147173003626,-16.656573984701595],[-70.04861160524138,-16.62770798453579],[-70.08784510506752,-16.65523223398037],[-70.16570598054653,-16.61332410902037],[-70.18477798051936,-16.537608609449705],[-70.3011699808099,-16.47867185931881],[-70.32505173045297,-16.41752498389087],[-70.38225698077503,-16.385923734392804],[-70.34561073065066,-16.34813948394998],[-70.3451348552893,-16.25610198441899],[-70.32403323024931,-16.21787223411627],[-70.33459660584862,-16.201568109080938],[-70.3622793554079,-16.206498608923596],[-70.4019421052439,-16.14902973403497],[-70.40322873022166,-16.087231359139878],[-70.4401247301721,-16.03675148459331],[-70.46577898061543,-16.050369108947166],[-70.50732423002916,-16.038144484080647],[-70.56288998028833,-15.982499984686513],[-70.62476998035027,-16.00301998398504],[-70.64081998035778,-15.9876399842978],[-70.72435998012895,-16.033669984582104],[-70.77596998053014,-16.01339998422185],[-70.79996960521305,-15.975963609532926],[-70.80750910576057,-15.988016984596129],[-70.8413086068067,-15.97182660941047],[-70.8432769817473,-15.923255857971412],[-70.86578360682796,-15.889386108182293],[-70.8938217315876,-15.886908483139962],[-70.89006810615814,-15.85193823296305],[-70.94226835679916,-15.774924232867022],[-70.89992510655838,-15.717626608680973],[-70.91798398157545,-15.643800733117303],[-71.00652660681743,-15.565525108297038],[-71.01836398181229,-15.500021983427757],[-70.99292760652378,-15.458859483678168],[-71.03897098152555,-15.40516573341182],[-71.00611898100613,-15.335227358156033],[-70.95015648133648,-15.301954358007151],[-70.98528060641479,-15.249029608129888],[-70.96250248140433,-15.215636857854633],[-71.00420635683787,-14.998656733521386],[-70.9847403566821,-14.946068482974056],[-70.996591856429,-14.843943482305804],[-70.97832660678745,-14.824154607549076],[-70.97505923129847,-14.764981982332586],[-71.01309348157889,-14.739693857585394],[-71.02776348179918,-14.760074982674269],[-71.05324048126317,-14.754330482165983],[-71.11809173164806,-14.647949857200103],[-71.0310419810026,-14.593262606983672],[-71.01005310666551,-14.597541982376526],[-71.01471035649769,-14.577978482221113],[-70.97770323181868,-14.583021107737864],[-70.96611648169022,-14.568335982719361],[-70.9993488567643,-14.502638106963047],[-70.98797260645057,-14.45532035754843],[-70.96235298170473,-14.444538982687845],[-70.98603598117558,-14.379762482152785],[-70.91218210611925,-14.341473107697709],[-70.9134568564487,-14.303319482308211],[-70.87991460647385,-14.270434107048345],[-70.89979260674335,-14.232986232728422],[-70.88661010677095,-14.172314357621474],[-70.8211444800337,-14.14114685744147],[-70.79004298019936,-14.080968357603581],[-70.82947173003629,-14.076336857160186],[-70.86039110636443,-14.030841857265841],[-70.84036223133188,-14.008167107525935],[-70.846275606534,-13.96354123224205],[-70.80967285571768,-13.91226423190875],[-70.83085960518662,-13.895075107430216],[-70.83242035521516,-13.856872482479048],[-70.87513585643461,-13.838986107322967],[-70.87931598174714,-13.815672606005933],[-70.85392648182165,-13.798604981734456],[-70.828399980075,-13.82762998203799],[-70.76772998005447,-13.814379981650802],[-70.70918998023336,-13.843149981886086],[-70.69885823042296,-13.803167606699617],[-70.7353757300059,-13.735299356580015],[-70.71512885571207,-13.662253981036372],[-70.66280698075752,-13.660567106486724],[-70.61619085542361,-13.60906248144829],[-70.54362548043156,-13.577635230981059],[-70.5388736057323,-13.531256731712745],[-70.48879473079216,-13.500380731485507],[-70.45261798073517,-13.447918356347031],[-70.47182698073055,-13.43992798159104],[-70.44264598042764,-13.395405481577654],[-70.45111585571215,-13.36516973119808],[-70.39950035505728,-13.371643606167424],[-70.39559872999735,-13.316665481027087],[-70.3458466057362,-13.312746106047882],[-70.37083748026544,-13.276411355899313],[-70.42295498068779,-13.254719106501511],[-70.38446385502283,-13.204735856474542],[-70.40122710554647,-13.153229981378502],[-70.38966210552172,-13.131538356110184],[-70.41769510504503,-13.133089981617331],[-70.40286810567852,-13.11441285596851],[-69.64985997925459,-13.341719981691767],[-68.86763660454562,-13.010748606263121]],[[-69.98999960569722,-15.110421983587628],[-69.99026260523499,-15.168452233283915],[-70.01632448059024,-15.144736608207836],[-70.02623510576547,-15.158017358214465],[-70.04495185554367,-15.110658358696242],[-70.11710860557764,-15.147147732881535],[-70.11640035529211,-15.167589858085421],[-69.94935198040952,-15.220609982864346],[-69.9655513551109,-15.194259108570975],[-69.94913023007604,-15.209773108142372],[-69.94597673034178,-15.192656358404179],[-69.93213735565439,-15.222516983571893],[-69.88774310526009,-15.206932608453087],[-69.9309071055784,-15.149188358455945],[-69.9555383556106,-15.174811233351704],[-69.98999960569722,-15.110421983587628]],[[-70.09470555721566,-15.383676898969668],[-70.09488149428552,-15.383893244377703],[-70.09470555271906,-15.383676932244555],[-70.09470555721566,-15.383676898969668]],[[-70.20098635563579,-15.706335108678275],[-70.20183710529813,-15.771510358716057],[-70.14209573083326,-15.749278608720772],[-70.16370223077331,-15.719283108628531],[-70.15228248025221,-15.722176358052423],[-70.15021210510452,-15.712319358551497],[-70.18739948000194,-15.726419358566488],[-70.20098635563579,-15.706335108678275]]]]}},{"type":"Feature","properties":{"code":"22","name":"SAN MARTIN","capital":"MOYOBAMBA","source":"INEI"},"geometry":{"type":"Polygon","coordinates":[[[-77.74482773731017,-5.406899099513794],[-77.67186973719856,-5.40877122451235],[-77.5948101126965,-5.46422422406863],[-77.55811911230717,-5.425578099349764],[-77.49227148773895,-5.5197044739822445],[-77.50736523771553,-5.552664099068863],[-77.47275173780241,-5.5547868489338725],[-77.46083111256576,-5.584693974447305],[-77.41059961278188,-5.589753848960925],[-77.37182036231985,-5.567105474537982],[-77.33702623717107,-5.604026349736216],[-77.26580098602665,-5.613969474611508],[-77.23194136170446,-5.595460974544267],[-77.2021612366517,-5.634464474555784],[-77.14235186174898,-5.625438599711572],[-77.12691023601855,-5.6509935991751945],[-76.99560561101009,-5.667119099067122],[-76.89284361154341,-5.747782474281735],[-76.83545111157952,-5.745555349100016],[-76.82020348670153,-5.859285848962713],[-76.74672811111338,-5.954027599094388],[-76.75297886158518,-6.001045599075098],[-76.71621936163422,-6.01326947390703],[-76.44114664480179,-6.007015158522677],[-76.40015805415084,-5.953558718659906],[-76.31533986144541,-6.054066348882827],[-76.3182966110997,-6.086094974203661],[-76.24714937884073,-6.126061412504157],[-76.14598935702315,-6.146673399857491],[-76.01353004027908,-6.083580012907248],[-75.95845055075227,-6.098380287120506],[-75.91914869435669,-6.140577029706094],[-75.84020970801157,-6.14134011885136],[-75.85152004071728,-6.101750013552248],[-75.80709986017035,-6.1017699740050375],[-75.76951998515915,-6.125079974261382],[-75.77048998582416,-6.147729974658546],[-75.71882998581515,-6.141229974383748],[-75.68004998531853,-6.095309974675558],[-75.63645998514016,-6.088949974561615],[-75.62107023500329,-6.029380849046902],[-75.56892961211184,-6.000388601152963],[-75.52677736078653,-6.162134724337989],[-75.48718761071962,-6.203415349138993],[-75.4963437352751,-6.281025349740048],[-75.55009498549515,-6.347707975042965],[-75.53900286069342,-6.435132975006752],[-75.50959661079492,-6.49214135024306],[-75.50234761015406,-6.769566475012766],[-75.61025186023511,-6.839100475506484],[-75.63284723581125,-6.84339547572057],[-75.64237398537108,-6.815761975734517],[-75.65967198537379,-6.819332099896428],[-75.70080561059041,-6.869113975529501],[-75.78053911019174,-6.848412100038331],[-75.79418336077345,-6.82140160000381],[-75.81397186051294,-6.825477975028491],[-75.84387536085916,-6.7972617251484735],[-75.96495111040537,-6.7884066000845],[-76.05104348506876,-6.810923100620528],[-76.01064673555834,-6.890421350165127],[-76.05184423512333,-6.937871600294045],[-76.0356401102029,-6.993146475629317],[-76.00811323563727,-7.002220725006396],[-76.01071711020643,-7.07837985024986],[-76.05994498547267,-7.161301225271302],[-76.14352523530135,-7.203962474888272],[-76.166661485639,-7.267596349891562],[-76.2131113614002,-7.310142600500569],[-76.1959182358379,-7.334402850511083],[-76.21540811119536,-7.395333101741187],[-76.20439686062656,-7.4313268514529796],[-76.1672753601697,-7.493017600881501],[-76.12191085999814,-7.52599235166565],[-76.11567098502792,-7.562502725920012],[-76.09137361010397,-7.560355726735338],[-76.07971861042552,-7.584335976424143],[-76.10159261011086,-7.72266397656125],[-76.08443511029208,-7.762560976407883],[-76.0438029857192,-7.792343601575908],[-76.0060397353455,-7.890586851302089],[-75.97566148558906,-7.908968100897084],[-75.99350973578566,-7.953566351705717],[-75.92783786032896,-7.957255975982434],[-75.85879323581912,-7.92112535125392],[-75.82949286040713,-7.97349585165216],[-75.84493273515756,-8.059638100917596],[-75.92098848513047,-8.07311935117707],[-75.95180298521956,-8.101295225993852],[-75.91288586059397,-8.256099976033],[-75.92081611027521,-8.299674226384411],[-75.98427361023886,-8.322151726021275],[-76.00444799557852,-8.305612674685165],[-76.04259573580453,-8.341591850883162],[-76.10697381778743,-8.331771680418683],[-76.12750335799353,-8.357525803273177],[-76.10778711068656,-8.399013726302371],[-76.13066798503945,-8.467876977340609],[-76.13467998569274,-8.572559977261108],[-76.10712998506074,-8.648799977636827],[-76.1394899853745,-8.666639977452974],[-76.16694636028626,-8.756500977338192],[-76.20341648538243,-8.75332972768473],[-76.19858673568928,-8.76973510199332],[-76.22314445625159,-8.785454180266186],[-76.25740273654702,-8.706641852639336],[-76.26406436118128,-8.610300477484998],[-76.28035861166057,-8.573563977695358],[-76.30580711160889,-8.57323772703944],[-76.32508036186914,-8.524324226881504],[-76.31230711098436,-8.50098422704042],[-76.33232598645509,-8.431788225945809],[-76.36670998657661,-8.411540726623173],[-76.43605861161558,-8.469880852119559],[-76.46980261100168,-8.57132597701218],[-76.49530861180295,-8.575760852381393],[-76.49483786167792,-8.54958785229752],[-76.54780661178569,-8.49764060253176],[-76.69707961123504,-8.53249960207495],[-76.8044498618716,-8.510572727649219],[-76.84265911122895,-8.525229977281583],[-76.86470161149015,-8.566349601852608],[-76.9359719861182,-8.56696685243827],[-76.95422661116913,-8.545339852452173],[-76.97730086134561,-8.56059872694965],[-77.01159761104088,-8.537687477095346],[-77.05611136155005,-8.549703727245173],[-77.09165073599263,-8.516981352307539],[-77.08193773683706,-8.487256352098939],[-77.13992773647584,-8.48045510232106],[-77.13384373649922,-8.44002147611019],[-77.10458898639257,-8.4447634762534],[-77.06761911163267,-8.396587850948492],[-77.03401173635251,-8.404706976245905],[-77.00042923632014,-8.382403476539139],[-76.97689861168152,-8.39613872592139],[-76.96837261150677,-8.371241476213129],[-76.92700473627951,-8.359257101633887],[-76.90124323628629,-8.283466351291054],[-76.92559673610043,-8.218497350871985],[-76.91176936106712,-8.158901225910824],[-76.98491486173145,-8.113853475957114],[-77.02445898649302,-8.049150351107755],[-77.11052736184826,-8.025226601326551],[-77.23186523679118,-8.01174810119386],[-77.29666423746454,-8.062565726027401],[-77.37328386236032,-8.064684726618793],[-77.37493636212338,-8.031527226400328],[-77.40715498721283,-7.99281147616864],[-77.37690923727143,-7.908821351324264],[-77.41078448731417,-7.900524725935327],[-77.44286111215058,-7.8136417266842955],[-77.52546873709252,-7.768341850895638],[-77.45923748781979,-7.686904225949206],[-77.46716836252989,-7.674677851002002],[-77.49788961281536,-7.686354851695],[-77.51160248706509,-7.65740497625859],[-77.53839136267123,-7.650227976240046],[-77.52838873774999,-7.615950101515921],[-77.48576361210098,-7.603992226360106],[-77.49694473740965,-7.582741476637807],[-77.5400672376129,-7.577413601456499],[-77.52246823721936,-7.506861851693031],[-77.6309177372637,-7.413874601531575],[-77.64735061284046,-7.241514350406874],[-77.60553023743046,-7.219161850239175],[-77.6155042378303,-7.177997225391607],[-77.71284523731782,-7.108549725289549],[-77.70700598783606,-7.068524849941809],[-77.74531798743516,-7.020959599905552],[-77.75893361259608,-6.964507850157133],[-77.70719798769693,-6.908182724952724],[-77.76474898777553,-6.799758475173462],[-77.73189786229648,-6.783467350737624],[-77.74560648724957,-6.665158225171922],[-77.7389651126498,-6.646468849857513],[-77.67968998720312,-6.6740999756333395],[-77.64343998736547,-6.62235997553239],[-77.61233673745045,-6.612261225674956],[-77.54407423713627,-6.676996100189797],[-77.45646748778432,-6.680522350026365],[-77.40555723727664,-6.7262142250064585],[-77.38173298758727,-6.69758910015679],[-77.43788086271161,-6.602527350556727],[-77.39386986200446,-6.602688224881604],[-77.380511737027,-6.569227975090939],[-77.34484673718714,-6.547229100042898],[-77.32635661206797,-6.468027350681666],[-77.27315861128085,-6.406530850318461],[-77.2866599874684,-6.33102347545298],[-77.24365311130202,-6.338120475379583],[-77.22145636112214,-6.3811327249952114],[-77.1717324863651,-6.381169974914371],[-77.13242436169492,-6.304759475669243],[-77.21162673608495,-6.215840349252687],[-77.21919073686297,-6.194313099369992],[-77.20205673632927,-6.179714848861124],[-77.22298511147369,-6.146895973970004],[-77.34642798726179,-6.114341099562068],[-77.35867936246257,-6.07282022447373],[-77.38050011239022,-6.079985973973464],[-77.39549761242483,-6.039376724556121],[-77.4193047372238,-6.032380848896992],[-77.43211573715149,-6.06191634935999],[-77.47690486276917,-5.9999675997249255],[-77.53658986233222,-6.063705099110962],[-77.56680323757934,-6.028121974449505],[-77.59636161229855,-6.033330849539027],[-77.59770786232792,-6.0044159739180145],[-77.6698923627423,-5.979357223956697],[-77.65189061266159,-5.935331974391033],[-77.68152673736898,-5.849487099450016],[-77.7461383624954,-5.835110474268902],[-77.77035548731584,-5.788142598901743],[-77.75935861240998,-5.729847974604297],[-77.77509086215355,-5.689679348922766],[-77.73638398733112,-5.609290099658324],[-77.765761737714,-5.538982474461591],[-77.77063748772986,-5.478153099286033],[-77.74883198760608,-5.459859349229532],[-77.76845123763445,-5.4380487238694855],[-77.74482773731017,-5.406899099513794]]]}},{"type":"Feature","properties":{"code":"23","name":"TACNA","capital":"TACNA","source":"INEI"},"geometry":{"type":"Polygon","coordinates":[[[-70.2660428555933,-16.7795542339407],[-70.24730048053272,-16.80246485966552],[-70.18130073024446,-16.817874983943284],[-70.18406723011856,-16.834687484040103],[-70.24376760539064,-16.860242234391535],[-70.25936460519233,-16.90365410944952],[-70.24718185545822,-16.952443984302363],[-70.19253498030508,-16.94102260960568],[-70.17368935497973,-16.91223235933586],[-70.14837223069384,-16.921869734500603],[-70.09528885569608,-16.985847859191324],[-70.09963798070822,-17.006009234038856],[-70.04233998060556,-17.058709985277574],[-70.0403304805672,-17.127678984897216],[-70.02513185525089,-17.122181484987493],[-69.89862998048915,-17.220909985507376],[-69.84990998026132,-17.24420998530252],[-69.79054998039726,-17.235289984944814],[-69.73106997949594,-17.295469984851877],[-69.65543997937152,-17.270749985223574],[-69.64455997945947,-17.287519985159122],[-69.57521872976054,-17.292589860133887],[-69.4673163547659,-17.37353710994961],[-69.46829297983709,-17.504169860450645],[-69.66541210468483,-17.65990036001358],[-69.79598823027254,-17.64624223559065],[-69.82119723086748,-17.686355485517197],[-69.79571485525634,-17.862257860411887],[-69.7471777294686,-17.943937485726337],[-69.81308010566232,-18.114478486592816],[-69.85430873076325,-18.1653476111033],[-69.98023260585006,-18.270263610976826],[-70.05070698064259,-18.268802736057353],[-70.14965235537187,-18.318367236558686],[-70.3174512306897,-18.30970311130949],[-70.37671110543312,-18.350927736226026],[-70.6795029188246,-18.16179734756946],[-70.81315623037568,-18.040488235643522],[-70.88769535645548,-18.009285110619317],[-70.89018935635369,-17.96929486006968],[-70.94314448173242,-17.913812485058088],[-71.00913473158255,-17.87689648508467],[-71.09627535602283,-17.86819723501435],[-71.13944148143918,-17.82148286054553],[-71.08219135674568,-17.716683610660084],[-71.01711323169025,-17.70921086049276],[-70.99299623109113,-17.679119110458544],[-70.91249998138898,-17.68736998553635],[-70.87995998176768,-17.555669985281554],[-70.7367199808424,-17.408279985432955],[-70.74670285575218,-17.351353610380784],[-70.68409073020302,-17.22426473552906],[-70.55505048029539,-17.197663235469918],[-70.49131360503878,-17.09020848543321],[-70.44873935583655,-17.080669110291183],[-70.43920123075213,-17.05036323527503],[-70.46315848027962,-17.004367483872215],[-70.44319923075983,-16.96427735911277],[-70.46501685554341,-16.944434109546478],[-70.44068935512962,-16.840046858875382],[-70.31787110526727,-16.775294859470137],[-70.2660428555933,-16.7795542339407]]]}},{"type":"Feature","properties":{"code":"24","name":"TUMBES","capital":"TUMBES","source":"INEI"},"geometry":{"type":"Polygon","coordinates":[[[-80.31847848919091,-3.381773346862417],[-80.22109998977265,-3.437739972621614],[-80.24501998938098,-3.4857999720910016],[-80.21572998944742,-3.4999999722209054],[-80.20498998969623,-3.5522099724122427],[-80.21863998964375,-3.573909972167428],[-80.18818998927657,-3.5983999719810527],[-80.19270998907467,-3.77472997271002],[-80.16042998975217,-3.8023899721194425],[-80.15854998939045,-3.8698199727135147],[-80.12719636462049,-3.888118597095513],[-80.13977673970476,-3.912549346874812],[-80.21677986429927,-3.956979597130669],[-80.23447273952524,-3.9484657225150386],[-80.26232998903771,-3.9994499719385885],[-80.29807623902718,-4.01725809708347],[-80.36559661429226,-3.981819971914149],[-80.44509998907319,-3.9961299726201105],[-80.4511266141019,-4.031027222128557],[-80.47988311461398,-4.05487134773449],[-80.47397411461367,-4.079558222633807],[-80.51734174032902,-4.098162097602653],[-80.58981999079992,-4.214119973557899],[-80.62268999035075,-4.2318899728439305],[-80.73513999051812,-4.178029973004811],[-80.88282224035407,-4.19280072337466],[-80.9236757402432,-4.169480473544979],[-80.96756249061639,-4.172597598400387],[-80.971322240429,-4.127117222381855],[-81.01927736545804,-4.11281834718892],[-81.04191054943226,-4.082921767125811],[-80.96419336583114,-3.9589863470422415],[-80.83364649069296,-3.8757578472468026],[-80.78823636521605,-3.749298847663624],[-80.5754687399903,-3.630611347635522],[-80.49771486404973,-3.499187472523772],[-80.460953113995,-3.505921846915669],[-80.45624611456651,-3.499995597019165],[-80.42853323951738,-3.4878748474462213],[-80.41876636467595,-3.485706722287375],[-80.40532548947971,-3.4852188472719376],[-80.39804973940392,-3.487557222188002],[-80.42071048939755,-3.48664872256046],[-80.42972973983558,-3.4892504720315856],[-80.43270761456472,-3.4927263472430923],[-80.44113311460154,-3.4947668469123983],[-80.41595898971559,-3.4963887220618517],[-80.421039989304,-3.5128099721025023],[-80.39797848971551,-3.5043027218930547],[-80.32627148973745,-3.436314472534832],[-80.33954486440393,-3.4548613475730576],[-80.3371229892345,-3.456052722654988],[-80.32659173921735,-3.439779347239039],[-80.31318548971853,-3.404507847559046],[-80.31847848919091,-3.381773346862417]]]}},{"type":"Feature","properties":{"code":"25","name":"UCAYALI","capital":"PUCALLPA","source":"INEI"},"geometry":{"type":"Polygon","coordinates":[[[-74.50009123472267,-7.262049475402932],[-74.46352085950002,-7.298596850464207],[-74.37017798412666,-7.317272100127298],[-74.34431348477943,-7.344729600090943],[-74.2536589842747,-7.343682475365881],[-74.1416364840365,-7.377771726284095],[-74.13293685984814,-7.400802351247478],[-74.03910948371566,-7.44887947650659],[-74.03647385858164,-7.48124447615163],[-73.98303323329702,-7.534361350895608],[-73.97856835834301,-7.561470725993161],[-73.88902348364684,-7.603552725877535],[-73.90045898309558,-7.640228476462994],[-73.86806448298944,-7.675296726662566],[-73.83917973375765,-7.666871101620018],[-73.81775585824624,-7.717259726455154],[-73.71479923379758,-7.742385975931995],[-73.68848010827037,-7.767135476021338],[-73.67815973308518,-7.857964101462073],[-73.7354511087816,-7.878810601428086],[-73.76154298372171,-7.860599601590309],[-73.75522460872867,-7.892328101560565],[-73.7722558581213,-7.909164100942462],[-73.74030273358426,-7.9296738515669745],[-73.74788673348593,-7.9473731011876225],[-73.72678323335947,-7.965845726399095],[-73.70563473385585,-7.954703101067196],[-73.668022983274,-8.013148101003992],[-73.63924848373051,-8.006529476554078],[-73.61685123329772,-8.034250226067059],[-73.62625285838266,-8.057459726185357],[-73.58447110885453,-8.128678476130744],[-73.59569473342515,-8.164560851102351],[-73.57141210828212,-8.223660101532403],[-73.5873863583937,-8.240860976552767],[-73.526261983104,-8.270785726080362],[-73.54225973339993,-8.3496503510828],[-73.44131135803269,-8.425401101379691],[-73.40671485800425,-8.431290976397406],[-73.38811523323142,-8.470240227504462],[-73.33183073310181,-8.474035352149713],[-73.34104160838348,-8.616783851993148],[-73.31927523326539,-8.610905977528773],[-73.25547210855092,-8.690215727373868],[-73.16724148330775,-8.698297726858584],[-73.1146484834407,-8.784412727565268],[-73.11201373334706,-8.8192976024024],[-73.07770785823101,-8.842191602360515],[-73.05888598310162,-8.905773727675353],[-72.99969260872689,-8.91751610188652],[-72.9679796076727,-8.981012976867362],[-72.94113848235503,-8.984486226957756],[-72.96307060702287,-9.012099101891977],[-72.9399941076419,-9.093248102018265],[-72.95819735712229,-9.14302422738615],[-73.02612435815257,-9.177856727505912],[-73.00334285798647,-9.19544735251327],[-73.00929810832099,-9.222364726850628],[-73.07351760835093,-9.234607477553027],[-73.10732823311145,-9.275348227638574],[-73.10143360877396,-9.308117227028333],[-73.13140623371066,-9.31831685204105],[-73.14836610840916,-9.354101101984213],[-73.18875973367471,-9.363222602640974],[-73.20043948359523,-9.41139647696582],[-72.71629460780986,-9.412241977285362],[-72.69514598240113,-9.439364602094656],[-72.57677960779262,-9.455868227336794],[-72.51953473244191,-9.491281352252543],[-72.40749223218074,-9.477153601857196],[-72.35687623265198,-9.494598477337831],[-72.31858560723992,-9.543794352927023],[-72.28289998234828,-9.539949978708478],[-72.2882099826046,-9.603159978050485],[-72.2528199828559,-9.616329978345789],[-72.26295510759212,-9.750855478497499],[-72.1513611073292,-9.797416353082156],[-72.16283335757333,-9.830402103474228],[-72.13593535733082,-9.874871603741497],[-72.1743374824888,-9.930933853514489],[-72.14998673280144,-9.966336977969092],[-72.18040435757501,-9.999671853273355],[-71.37504485663476,-10.000144478484856],[-71.34276373136106,-9.966773478313314],[-71.29819023169381,-9.992199103106088],[-71.25321285638819,-9.962925728039863],[-71.2205194809892,-9.969677728244505],[-71.13974023172625,-9.857015603187506],[-71.1022399817897,-9.853189978035005],[-71.05121998161684,-9.815839978731958],[-70.99390998186016,-9.817209978057974],[-70.9633673567181,-9.748912477928457],[-70.92382748125323,-9.741298228430423],[-70.8361489803911,-9.64323535302907],[-70.79331885518098,-9.638462478260692],[-70.78614698039877,-9.614269478653455],[-70.75724098018702,-9.604253353109698],[-70.75066873017772,-9.560425728664427],[-70.72979673083444,-9.570255728718848],[-70.6632029801334,-9.526011478047224],[-70.5958056051445,-9.442496102613006],[-70.49597773018803,-9.425485352367048],[-70.50477735539062,-9.463339477434886],[-70.52490235535936,-9.461199227662178],[-70.50569923063495,-9.504601602282094],[-70.51371685574827,-9.49280285226979],[-70.5443339807286,-9.514089851865151],[-70.5421288556621,-9.537699353342418],[-70.57062098067365,-9.53291722814754],[-70.55531785503496,-9.571885353326365],[-70.58754773064322,-9.5672579780732],[-70.58909023072954,-9.548869853161136],[-70.60017185504705,-9.560397853278232],[-70.58469998061958,-9.640839978182385],[-70.5252299801794,-9.714979977943585],[-70.54591998012296,-9.778799978436211],[-70.57776998030033,-9.777789978624583],[-70.62337998010196,-9.820539978736974],[-70.61380449448177,-9.873393333235697],[-70.63953932507974,-9.88437598716206],[-70.64852148028206,-9.951576228060446],[-70.66762748182276,-9.97069310330403],[-70.65689285552082,-9.99972947823278],[-70.67231835550768,-10.023134728384946],[-70.6520585525601,-10.040059992674458],[-70.64989978214919,-10.07947457459187],[-70.69817385533912,-10.118031228458392],[-70.70644335627583,-10.16135747816503],[-70.80320133427409,-10.251154409448418],[-70.8808332756351,-10.261970186974509],[-70.88945882176716,-10.335138613156403],[-70.96801200614914,-10.33555137229797],[-70.95841480280086,-10.389576782642337],[-71.0049724605106,-10.430818518959427],[-71.02453348123515,-10.478200103152176],[-71.12851435525323,-10.504735852877275],[-71.1645708560601,-10.531261478034764],[-71.16529310609195,-10.56964385318122],[-71.19621285653807,-10.579861353118929],[-71.22080273146082,-10.636734353407633],[-71.20629098134367,-10.652160104305324],[-71.23131265315635,-10.685238531632876],[-71.21553682766245,-10.714948482586351],[-71.2215637737491,-10.776698441579754],[-71.2587233254211,-10.784934502125509],[-71.27272701254157,-10.852818728701322],[-71.35401410626594,-10.949791104176086],[-71.50813248112905,-10.96609222907307],[-71.531977106758,-10.952138479507198],[-71.66171910665139,-10.983183853551964],[-71.70169398239136,-10.97383860426811],[-71.71600260623524,-10.997850228605103],[-71.78022848155916,-10.987814478954988],[-71.82846250164312,-11.011867836331533],[-71.8470084890505,-10.995678520547244],[-71.93837658181377,-11.003895175521905],[-72.01083257136605,-10.98774687062155],[-72.0544131070792,-11.011073604563137],[-72.12503459027408,-10.995623521608195],[-72.12793021121024,-10.979842447670762],[-72.1582502271662,-11.005287898917345],[-72.17353762815895,-10.995526065675335],[-72.19306129644161,-11.049676617581781],[-72.18329946230028,-11.092591850133715],[-72.14815084598473,-11.087776178427873],[-72.12024623097875,-11.118105478984603],[-72.20678076541992,-11.17229463339055],[-72.18652348147344,-11.184888729431293],[-72.21888468328149,-11.296860689569144],[-72.20462335748192,-11.347432729336958],[-72.24602110728824,-11.346160604128556],[-72.2550428578416,-11.329861354317984],[-72.28006060771082,-11.339605479009606],[-72.30770898248352,-11.306999979065722],[-72.42359435779332,-11.355173979295671],[-72.44903398233237,-11.385767729097381],[-72.49895160703102,-11.395023980572205],[-72.54773173233355,-11.448341980597888],[-72.55366535757014,-11.43207985390211],[-72.59614373274701,-11.440037979868805],[-72.60031510765606,-11.418532854207797],[-72.60953885763212,-11.439938353871867],[-72.6656949822376,-11.385909355232513],[-72.69230223256193,-11.395698104284065],[-72.71237823206974,-11.347352979256527],[-72.7949754824325,-11.384556604004047],[-72.78945785749409,-11.368602228909708],[-72.79703623213635,-11.364430728994876],[-72.79972860718942,-11.385570353988612],[-72.81619810765653,-11.375083604224926],[-72.82267960797748,-11.38960885496465],[-72.8903661078096,-11.34317535405927],[-72.89468385727417,-11.358259855407937],[-72.93283985777316,-11.350383980536208],[-72.92435260758674,-11.327405229367798],[-72.96167460739719,-11.334854729362235],[-72.95951248341436,-11.314196479084217],[-72.94044510775547,-11.322688729501238],[-72.93246185832805,-11.30734685387415],[-72.95555560760516,-11.304616353861604],[-72.93563198203032,-11.29082485458332],[-72.96793548333585,-11.266226979291616],[-72.97706160830654,-11.212293479660332],[-73.06504098365446,-11.284354978899103],[-73.08213729270187,-11.273284212995975],[-73.25599885856042,-11.312535228917625],[-73.34170460928027,-11.310995851277482],[-73.4085586300767,-11.385976294470368],[-73.46786885876077,-11.34365122942063],[-73.482159108556,-11.35358835401928],[-73.44981160881866,-11.23676797965851],[-73.47108098350054,-11.088492604450096],[-73.48260348336402,-11.065242229245428],[-73.54257873372154,-11.047424479556014],[-73.57257710804708,-10.954499979590366],[-73.56026148348064,-10.860609229132592],[-73.61039623329947,-10.846573854399821],[-73.74211610857151,-10.734008229296307],[-73.78198635808394,-10.750624979359259],[-73.78693948307063,-10.794138729618624],[-73.81421685872101,-10.799896478939331],[-73.81300498359309,-10.88924110429349],[-73.86220173332327,-10.97877497938174],[-73.86306023334305,-11.169124354105634],[-73.89061398324867,-11.1696529792016],[-73.91648723299937,-11.143101979672565],[-73.95455148376391,-11.150398853923946],[-73.97592673383167,-11.125498479071496],[-74.00720185857887,-10.991308479102997],[-74.19086998456208,-10.98599710468261],[-74.20276735962591,-11.02101347928857],[-74.25643598463296,-11.018222729195543],[-74.37316760939763,-11.056619854122914],[-74.4503097341069,-11.001866979477484],[-74.49647160917738,-11.000238729034095],[-74.50838373402206,-10.950299729249082],[-74.56996023447721,-10.915207853859329],[-74.547996109233,-10.890996604309805],[-74.48708310969772,-10.889033479611328],[-74.48267560969157,-10.83539122902198],[-74.38676485961054,-10.813115854712862],[-74.38389985969076,-10.747480479140734],[-74.3502991097161,-10.754733854084066],[-74.28688110977538,-10.670412104235197],[-74.25892048409304,-10.680431979052571],[-74.22966498485113,-10.634598354730258],[-74.15985573425468,-10.640591354107642],[-74.13622385944353,-10.671690978855565],[-74.13098148460779,-10.654742479681659],[-74.13410448473417,-10.59910797895003],[-74.17871935951081,-10.488645353700065],[-74.25288360949094,-10.41713672797755],[-74.24200460962498,-10.38316510298705],[-74.26274235907255,-10.36366110287753],[-74.23691410959844,-10.321605728321686],[-74.25219498421109,-10.305131103517567],[-74.22715773434192,-10.277329727984522],[-74.23060673421338,-10.186316603028786],[-74.3028732348119,-10.164837728578277],[-74.31501898463841,-10.113156228477123],[-74.3669667344272,-10.112896478189896],[-74.41882810972942,-10.0257499784787],[-74.41098885974804,-9.914670228548175],[-74.45330085944704,-9.863636228628991],[-74.44724023464909,-9.777149852883383],[-74.49014035948994,-9.685195728599922],[-74.49382935963718,-9.592224853294283],[-74.57484998423934,-9.572717603034903],[-74.5934943592772,-9.507361851867927],[-74.58109248433067,-9.476601727487662],[-74.7094201096503,-9.422210352425793],[-74.65431748416455,-9.368774227348695],[-74.62737398452174,-9.36477547730641],[-74.58715023399606,-9.296607476853524],[-74.62446685945798,-9.215562477026651],[-74.63653873447498,-9.125511227361187],[-74.67809373433835,-9.094039102522515],[-74.6513661097581,-9.04876835217766],[-74.66916398443033,-9.020256727166156],[-74.64787498474271,-8.995767602392903],[-74.61830860965455,-8.83202735218049],[-74.53217804617987,-8.776133164114185],[-74.52659785900397,-8.754995602165252],[-74.54713460907493,-8.584567226995887],[-74.58298248425422,-8.551086727170684],[-74.63032885908956,-8.550410352455742],[-74.84714648402297,-8.661524102155568],[-74.85219873408425,-8.7630943524224],[-74.94071210977603,-8.857892602461561],[-75.12259234845806,-8.880953531879925],[-75.10841319281457,-8.922291442595963],[-75.13484527768736,-8.94596926646841],[-75.1197211647999,-8.983476913328843],[-75.17386415610588,-9.011575218921166],[-75.16240119405984,-9.033953458585188],[-75.20121497129384,-9.063837913089174],[-75.20645534064141,-9.101338661250168],[-75.2419018717739,-9.102124907038785],[-75.21193216243933,-9.176427110322834],[-75.271919694838,-9.233415227430783],[-75.27902328949318,-9.27627200764698],[-75.31392881186514,-9.302088699933506],[-75.33405696755494,-9.288764749193774],[-75.3721537333081,-9.310229775883386],[-75.4519679443651,-9.296343675120454],[-75.48779298575766,-9.372650352131984],[-75.60065949973608,-9.413812848284294],[-75.67045087270958,-9.417935813586894],[-75.72024249699359,-9.27722754631418],[-75.76396276666833,-9.237848216921634],[-75.76379026410939,-9.21709812068167],[-75.79612727055707,-9.202670438290056],[-75.8378764970027,-9.061944495741841],[-75.89186138029845,-9.002018252140601],[-75.88376730651595,-8.972732545570466],[-75.92788281923669,-8.844538028007548],[-75.9216465325614,-8.780808465138534],[-75.94788601862484,-8.722507560875215],[-75.89132125377279,-8.66021737733007],[-75.81680134350717,-8.636021221102453],[-75.77826027399243,-8.546410834392475],[-75.7992224735383,-8.512155830327288],[-75.78454889941213,-8.494325821979032],[-75.71646102855357,-8.48689488758896],[-75.68731931963083,-8.423294342359952],[-75.61807961058554,-8.408322851618266],[-75.57228944869905,-8.444581836582472],[-75.51083505729201,-8.432044586688278],[-75.41956456974907,-8.451533549233886],[-75.4771813210611,-8.386368508299995],[-75.48267397182627,-8.345476890645955],[-75.5100536615472,-8.334816902677858],[-75.49384411011755,-8.328650976261486],[-75.50287723529613,-8.289411851175942],[-75.43923886008531,-8.17487460098198],[-75.39813148517987,-8.168468726450499],[-75.34553773527824,-8.129410351606396],[-75.28789223533835,-8.12549072661568],[-75.23540623500969,-8.150501851179456],[-75.1893214857979,-8.079044226010183],[-75.18569736004508,-8.01844260144486],[-75.14943473552461,-8.001818851059056],[-75.14410986048165,-7.979091726601837],[-75.03334960909712,-7.950054726644282],[-74.98225973429925,-7.9689863514389],[-74.88792810919483,-8.084199476324727],[-74.77902598486128,-8.04237635168721],[-74.72794448455028,-7.9810089759834],[-74.62798423478455,-7.939828101285798],[-74.56974510944923,-7.8159804766176535],[-74.51560960949587,-7.7778252261531975],[-74.5820839841885,-7.706013725852699],[-74.57622710979325,-7.637229851676295],[-74.64314435922478,-7.562285101676082],[-74.64290210974451,-7.500086476309775],[-74.61607385912129,-7.435037601703925],[-74.57952135972295,-7.409929476264267],[-74.53552285959228,-7.293768849952414],[-74.50009123472267,-7.262049475402932]]]}}],"metadata":{"publisher":"Plataforma Nacional de Datos Abiertos / INEI","resourcePage":"https://www.datosabiertos.gob.pe/dataset/limites-departamentales/resource/2aa1a2a6-55e6-4090-9152-dc223fdf9930","downloadUrl":"https://www.datosabiertos.gob.pe/sites/default/files/DEPARTAMENTOS_LIMITES.zip","resourceUpdated":"2025-06-24","geometryType":"Límites departamentales referenciales","crs":"EPSG:4326"}}
